Scientific Name,County,County Code,Herbarium Code,Year Vouchered,Distribution Notes,Submitted By,Date Submitted,Town,Herbarium Name Used,Specimen URL,Lit Code,
Carex vulpinoidea,Gadsden,GAD,ILLS,null,null,null,2026-01-13T00:00:00,null,null,null,null,
Carex striatula,Columbia,CLU,ILLS,null,null,null,2026-01-13T00:00:00,null,null,null,null,
Carex striata,Calhoun,CAL,ILLS,null,null,null,2026-01-13T00:00:00,null,null,null,null,
Carex gigantea,Hendry,HEN,ILLS,null,null,null,2026-01-13T00:00:00,null,null,null,null,
Carex gigantea,Hendry,HEN,null,null,null,null,2026-01-13T00:00:00,null,null,null,null,
Carex flaccosperma,Calhoun,CAL,ILLS,null,null,null,2026-01-13T00:00:00,null,null,null,null,
Carex caroliniana,Calhoun,CAL,ILLS,null,null,null,2026-01-13T00:00:00,null,null,null,null,
Carex atlantica subsp. capillacea,Osceola,OSC,ILLS,null,null,null,2026-01-13T00:00:00,null,null,null,null,
Carex blanda,Taylor,TAY,FLAS,null,null,null,2025-12-16T00:00:00,null,null,null,null,
Carex aureolensis,Putnam,PUT,FLAS,null,null,null,2025-09-12T00:00:00,null,null,null,null,
Carex tribuloides,Hernando,HER,USF,null,null,null,2025-09-11T00:00:00,null,null,null,null,
Carex gigantea,Clay,CLA,FLAS,null,,null,2025-05-22T00:00:00,null,null,null,,
Carex verrucosa,Citrus,CIT,USF,null,,null,2025-05-01T00:00:00,null,null,null,,
Carex striata,Flagler,FLA,FLAS,null,,null,2025-04-04T00:00:00,null,null,null,,
Carex elliottii,Baker,BAK,USF,null,,null,2025-04-04T00:00:00,null,null,null,,
Carex leptalea,Duval,DUV,USF,null,,null,2025-04-04T00:00:00,null,null,null,,
Carex gholsonii,Hernando,HER,USF,null,null,null,2025-02-17T00:00:00,null,null,null,null,
Carex atlantica subsp. capillacea,null,VOL,FLAS,null,null,null,null,null,null,null,null,
Carex gigantea,null,MAN,USF,null,null,null,null,null,null,null,null,
Carex comosa,null,MAN,USF,null,null,null,null,null,null,null,null,
Carex intumescens,null,HIL,USF,null,null,null,null,null,null,null,null,
Carex aureolensis,null,HIL,USF,null,null,null,null,null,null,null,null,
Carex fissa var. aristata,null,POL,USF,null,null,null,null,null,null,null,null,
Carex longii,null,IND,PIHG,null,null,null,null,null,null,null,null,
Carex tribuloides,null,GAD,PIHG,null,null,null,null,null,null,null,null,
Carex lurida,null,ALA,PIHG,null,null,null,null,null,null,null,null,
Carex gholsonii,null,GIL,PIHG,null,null,null,null,null,null,null,null,
Carex digitalis,null,GIL,PIHG,null,null,null,null,null,null,null,null,
Carex dasycarpa,null,GIL,PIHG,null,null,null,null,null,null,null,null,
Carex crus-corvi,null,GIL,PIHG,null,null,null,null,null,null,null,null,
Carex basiantha,null,GIL,PIHG,null,null,null,null,null,null,null,null,
Carex alata,null,HER,USF,null,null,null,null,null,null,null,null,
Carex paeninsulae,null,HIL,USF,null,null,null,null,null,null,null,null,
Carex tribuloides,null,PAS,USF,null,null,null,null,null,null,null,null,
Carex paeninsulae,null,PAS,USF,null,null,null,null,null,null,null,null,
Carex tribuloides,null,ALA,PIHG,null,null,null,null,null,null,null,null,
Carex louisianica,null,ALA,PIHG,null,null,null,null,null,null,null,null,
Carex godfreyi,null,ALA,PIHG,null,null,null,null,null,null,null,null,
Carex intumescens,null,WAS,USF,null,null,null,null,null,null,null,null,
Carex lupulina,null,LAF,FSU,null,null,null,null,null,null,null,null,
Carex muehlenbergii,null,FLA,FSU,null,null,null,null,null,null,null,null,
Carex leptalea,null,WAL,FSU,null,null,null,null,null,null,null,null,
Carex crebriflora,null,MAD,FSU,null,null,null,null,null,null,null,null,
Carex cephalophora,null,MAD,FSU,null,null,null,null,null,null,null,null,
Carex abscondita,null,MAD,FSU,null,null,null,null,null,null,null,null,
Carex blanda,null,ALA,PIHG,null,null,null,null,null,null,null,null,
Carex alata,null,ALA,PIHG,null,null,null,null,null,null,null,null,
Carex aureolensis,null,BRA,PIHG,null,null,null,null,null,null,null,null,
Carex lutea,null,GUL,FSU,null,null,null,null,null,null,null,null,
Carex nigromarginata,null,ESC,FLAS,null,null,null,null,null,null,null,null,
Carex nigromarginata var. floridana,null,STJ,FLAS,null,null,null,null,null,null,null,null,
Carex granularis,null,GAD,PIHG,null,null,null,null,null,null,null,null,
Carex lutea,null,LIB,FSU,null,null,null,null,null,null,null,null,
Carex complanata,null,MAD,FSU,null,null,null,null,null,null,null,null,
Carex alata,null,MAD,FSU,null,null,null,null,null,null,null,null,
Carex paeninsulae,null,ALA,PIHG,null,null,null,null,null,null,null,null,
Carex albicans var. australis,null,WAK,FSU,null,null,null,null,null,null,null,null,
Carex vexans,null,BRO,USF,null,null,null,null,null,null,null,null,
Carex striatula,null,MAR,FLAS,null,null,null,null,null,null,null,null,
Carex glaucescens,null,MAR,FLAS,null,null,null,null,null,null,null,null,
Carex gigantea,null,MAR,FLAS,null,null,null,null,null,null,null,null,
Carex striatula,null,MAR,FLAS,null,null,null,null,null,null,null,null,
Carex glaucescens,null,MAR,FLAS,null,null,null,null,null,null,null,null,
Carex gigantea,null,MAR,FLAS,null,null,null,null,null,null,null,null,
Carex lupulina,null,JEF,FSU,null,null,null,null,null,null,null,null,
Carex lupuliformis,null,WAS,FSU,null,null,null,null,null,null,null,null,
Carex festucacea,null,BAY,FSU,null,null,null,null,null,null,null,null,
Carex debilis,null,BAY,FSU,null,null,null,null,null,null,null,null,
Carex blanda,null,HOL,FSU,null,null,null,null,null,null,null,null,
Carex lupuliformis,null,BAY,FSU,null,null,null,null,null,null,null,null,
Carex intumescens,null,CLA,FSU,null,null,null,null,null,null,null,null,
Carex festucacea,null,NAS,FSU,null,null,null,null,null,null,null,null,
Carex longii,null,LAF,USF,null,null,null,null,null,null,null,null,
Carex fissa var. aristata,null,SUW,USF,null,null,null,null,null,null,null,null,
Carex kraliana,null,WAS,FSU,null,null,null,null,null,null,null,null,
Carex kraliana,null,LIB,FSU,null,null,null,null,null,null,null,null,
Carex kraliana,null,BAY,FSU,null,null,null,null,null,null,null,null,
Carex gigantea,null,JEF,FSU,null,null,null,null,null,null,null,null,
Carex corrugata,null,JEF,FSU,null,null,null,null,null,null,null,null,
Carex bromoides,null,UNI,USF,null,null,null,null,null,null,null,null,
Carex verrucosa,null,GUL,FSU,null,null,null,null,null,null,null,null,
Carex albicans var. emmonsii,null,JEF,FSU,null,null,null,null,null,null,null,null,
Carex albicans var. emmonsii,null,LEO,FSU,null,null,null,null,null,null,null,null,
Carex albicans var. emmonsii,null,GAD,USF,null,null,null,null,null,null,null,null,
Carex albicans var. emmonsii,null,LIB,USF,null,null,null,null,null,null,null,null,
Carex albicans var. emmonsii,null,JAC,USF,null,null,null,null,null,null,null,null,
Carex muehlenbergii,null,JEF,FSU,null,null,null,null,null,null,null,null,
Carex styloflexa,null,TAY,FSU,null,null,null,null,null,null,null,null,
Carex flaccosperma,null,ESC,USF,null,null,null,null,null,null,null,null,
Carex seorsa,null,HAM,USF,null,null,null,null,null,null,null,null,
Carex fissa var. aristata,null,HAM,FSU,null,null,null,null,null,null,null,null,
Carex vexans,null,JEF,FSU,null,null,null,null,null,null,null,null,
Carex reniformis,null,HOL,FSU,null,null,null,null,null,null,null,null,
Carex lurida,null,MAD,FSU,null,null,null,null,null,null,null,null,
Carex lupulina,null,MAD,FSU,null,null,null,null,null,null,null,null,
Carex fissa var. aristata,null,MAD,FSU,null,null,null,null,null,null,null,null,
Carex muehlenbergii,null,HAM,FSU,null,null,null,null,null,null,null,null,
Carex muehlenbergii,null,MAD,FSU,null,null,null,null,null,null,null,null,
Carex intumescens,null,MAD,FSU,null,null,null,null,null,null,null,null,
Carex blanda,null,HAM,FSU,null,null,null,null,null,null,null,null,
Carex blanda,null,JEF,FSU,null,null,null,null,null,null,null,null,
Carex crebriflora,null,GUL,FSU,null,null,null,null,null,null,null,null,
Carex louisianica,null,GUL,FSU,null,null,null,null,null,null,null,null,
Carex cherokeensis,null,GUL,FSU,null,null,null,null,null,null,null,null,
Carex pigra,null,JAC,FLAS,null,null,null,null,null,null,null,null,
Carex pigra,null,GAD,FLAS,null,null,null,null,null,null,null,null,
Carex muehlenbergii,null,WAS,FSU,null,null,null,null,null,null,null,null,
Carex tribuloides,null,WAS,USF,null,null,null,null,null,null,null,null,
Carex lurida,null,WAS,USF,null,null,null,null,null,null,null,null,
Carex longii,null,SAN,USF,null,null,null,null,null,null,null,null,
Carex styloflexa,null,GUL,FSU,null,null,null,null,null,null,null,null,
Carex muehlenbergii,null,GUL,FSU,null,null,null,null,null,null,null,null,
Carex festucacea,null,GUL,FSU,null,null,null,null,null,null,null,null,
Carex reniformis,null,WAS,FSU,null,null,null,null,null,null,null,null,
Carex crebriflora,null,WAS,FSU,null,null,null,null,null,null,null,null,
Carex atlantica subsp. capillacea,null,HOL,FSU,null,null,null,null,null,null,null,null,
Carex albolutescens,null,HOL,FSU,null,null,null,null,null,null,null,null,
Carex corrugata,null,JAC,FSU,null,null,null,null,null,null,null,null,
Carex grayi,null,CAL,USF,null,null,null,null,null,null,null,null,
Carex albolutescens,null,LAF,FLAS,null,null,null,null,null,null,null,null,
Carex aureolensis,null,OKA,USF,null,null,null,null,null,null,null,null,
Carex crus-corvi,null,WAS,USF,null,null,null,null,null,null,null,null,
Carex fissa var. aristata,null,WAL,USF,null,null,null,null,null,null,null,null,
Carex crus-corvi,null,HOL,USF,null,null,null,null,null,null,null,null,
Carex fissa var. aristata,null,HIL,USF,null,null,null,null,null,null,null,null,
Carex louisianica,null,WAK,FSU,null,null,null,null,null,null,null,null,
Carex lupuliformis,null,NAS,USF,null,null,null,null,null,null,null,null,
Carex tenax,null,JAC,FSU,null,null,null,null,null,null,null,null,
Carex reznicekii,null,HOL,USF,null,null,null,null,null,null,null,null,
Carex striatula,null,WAS,FSU,null,null,null,null,null,null,null,null,
Carex oxylepis,null,LEV,USF,null,null,null,null,null,null,null,null,
Carex longii,null,CHA,USF,null,null,null,null,null,null,null,null,
Carex godfreyi,null,HER,USF,null,null,null,null,null,null,null,null,
Carex digitalis,null,STJ,USF,null,null,null,null,null,null,null,null,
Carex crebriflora,null,PUT,USF,null,null,null,null,null,null,null,null,
Carex digitalis,null,VOL,USF,null,null,null,null,null,null,null,null,
Carex crebriflora,null,STJ,USF,null,null,null,null,null,null,null,null,
Carex crebriflora,null,NAS,USF,null,null,null,null,null,null,null,null,
Carex crebriflora,null,LAK,USF,null,null,null,null,null,null,null,null,
Carex gholsonii,null,UNI,USF,null,null,null,null,null,null,null,null,
Carex digitalis,null,UNI,USF,null,null,null,null,null,null,null,null,
Carex debilis,null,STJ,USF,null,null,null,null,null,null,null,null,
Carex bromoides,null,NAS,USF,null,null,null,null,null,null,null,null,
Carex godfreyi,null,SEM,USF,null,null,null,null,null,null,null,null,
Carex elliottii,null,CAL,USF,null,null,null,null,null,null,null,null,
Carex aureolensis,null,ORA,FLAS,null,null,null,null,null,null,null,null,
Carex elliottii,null,JAC,FSU,null,null,null,null,null,null,null,null,
Carex lupuliformis,null,MOM,FNPS,null,null,null,null,null,null,null,null,
Carex venusta,null,WAS,FSU,null,null,null,null,null,null,null,null,
Carex stipata,null,WAL,FSU,null,null,null,null,null,null,null,null,
Carex longii,null,BAY,USF,null,null,null,null,null,null,null,null,
Carex intumescens,null,POL,USF,null,null,null,null,null,null,null,null,
Carex aureolensis,null,HOL,FSU,null,null,null,null,null,null,null,null,
Carex complanata,null,WAK,FSU,null,null,null,null,null,null,null,null,
Carex seorsa,null,JAC,FSU,null,null,null,null,null,null,null,null,
Carex cephalophora,null,WAS,FSU,null,null,null,null,null,null,null,null,
Carex fissa var. aristata,null,CIT,USF,null,null,null,null,null,null,null,null,
Carex complanata,null,HOL,FSU,null,null,null,null,null,null,null,null,
Carex cherokeensis,null,HOL,FSU,null,null,null,null,null,null,null,null,
Carex cephalophora,null,HOL,FSU,null,null,null,null,null,null,null,null,
Carex fissa var. aristata,null,HOL,FSU,null,null,null,null,null,null,null,null,
Carex cherokeensis,null,ESC,USF,null,null,null,null,null,null,null,null,
Carex cherokeensis,null,ORA,USF,null,null,null,null,null,null,null,null,
Carex hyalinolepis,null,CIT,FSU,null,null,null,null,null,null,null,null,
Carex festucacea,null,LEO,FSU,null,null,null,null,null,null,null,null,
Carex godfreyi,null,GIL,USF,null,null,null,null,null,null,null,null,
Carex bromoides,null,GIL,USF,null,null,null,null,null,null,null,null,
Carex nigromarginata var. floridana,null,GIL,USF,null,null,null,null,null,null,null,null,
Carex alata,null,GAD,FSU,null,null,null,null,null,null,null,null,
Carex aureolensis,null,MAR,USF,null,null,null,null,null,null,null,null,
Carex vulpinoidea,null,WAK,FSU,null,null,null,null,null,null,null,null,
Carex rosea,null,GAD,FSU,null,null,null,null,null,null,null,null,
Carex corrugata,null,WAK,FSU,null,null,null,null,null,null,null,null,
Carex vexans,null,STJ,USF,null,null,null,null,null,null,null,null,
Carex verrucosa,null,SEM,USF,null,null,null,null,null,null,null,null,
Carex longii,null,UNI,USF,null,null,null,null,null,null,null,null,
Carex intumescens,null,BRA,USF,null,null,null,null,null,null,null,null,
Carex longii,null,BAK,USF,null,null,null,null,null,null,null,null,
Carex fissa var. aristata,null,UNI,USF,null,null,null,null,null,null,null,null,
Carex fissa var. aristata,null,DUV,USF,null,null,null,null,null,null,null,null,
Carex stipata,null,BAK,USF,null,null,null,null,null,null,null,null,
Carex intumescens,null,SEM,USF,null,null,null,null,null,null,null,null,
Carex gigantea,null,SEM,USF,null,null,null,null,null,null,null,null,
Carex joorii,null,WAS,FSU,null,null,null,null,null,null,null,null,
Carex gholsonii,null,CAL,USF,null,null,null,null,null,null,null,null,
Carex cherokeensis,null,CAL,USF,null,null,null,null,null,null,null,null,
Carex crebriflora,null,WAK,FSU,null,null,null,null,null,null,null,null,
Carex bromoides,null,DIX,USF,null,null,null,null,null,null,null,null,
Carex verrucosa,null,WAS,FSU,null,null,null,null,null,null,null,null,
Carex striata,null,WAS,FSU,null,null,null,null,null,null,null,null,
Carex lonchocarpa,null,WAS,FSU,null,null,null,null,null,null,null,null,
Carex comosa,null,HER,USF,null,null,null,null,null,null,null,null,
Carex austrodeflexa,null,GAD,FSU,null,null,null,null,null,null,null,null,
Carex austrodeflexa,null,OKA,FSU,null,null,null,null,null,null,null,null,
Carex seorsa,null,GAD,FSU,null,null,null,null,null,null,null,null,
Carex lupulina,null,LEO,FSU,null,null,null,null,null,null,null,null,
Carex lupulina,null,FRA,FSU,null,null,null,null,null,null,null,null,
Carex lupulina,null,JAC,FSU,null,null,null,null,null,null,null,null,
Carex intumescens,null,WAK,FSU,null,null,null,null,null,null,null,null,
Carex nigromarginata var. floridana,null,PUT,USF,null,null,null,null,null,null,null,null,
Carex gigantea,null,NAS,USF,null,null,null,null,null,null,null,null,
Carex oxylepis,null,NAS,USF,null,null,null,null,null,null,null,null,
Carex complanata,null,NAS,USF,null,null,null,null,null,null,null,null,
Carex albolutescens,null,GAD,FSU,null,null,null,null,null,null,null,null,
Carex longii,null,CAL,USF,null,null,null,null,null,null,null,null,
Carex festucacea,null,SAN,FSU,null,null,null,null,null,null,null,null,
Carex lupuliformis,null,CHA,USF,null,null,null,null,null,null,null,null,
Carex comosa,null,BRE,USF,null,null,null,null,null,null,null,null,
Carex lupulina,null,DUV,USF,null,null,null,null,null,null,null,null,
Carex crebriflora,null,FLA,USF,null,null,null,null,null,null,null,null,
Carex comosa,null,DUV,USF,null,null,null,null,null,null,null,null,
Carex elliottii,null,HIL,USF,null,null,null,null,null,null,null,null,
Carex cherokeensis,null,LIB,FSU,null,null,null,null,null,null,null,null,
Carex retroflexa,null,JAC,USF,null,null,null,null,null,null,null,null,
Carex muehlenbergii,null,CAL,USF,null,null,null,null,null,null,null,null,
Carex stipata,null,WAK,FSU,null,null,null,null,null,null,null,null,
Carex joorii,null,WAK,FSU,null,null,null,null,null,null,null,null,
Carex bromoides,null,WAK,FSU,null,null,null,null,null,null,null,null,
Carex gigantea,null,LEV,USF,null,null,null,null,null,null,null,null,
Carex hyalinolepis,null,JEF,FSU,null,null,null,null,null,null,null,null,
Carex lupuliformis,null,CIT,USF,null,null,null,null,null,null,null,null,
Carex alata,null,TAY,FSU,null,null,null,null,null,null,null,null,
Carex elliottii,null,OSC,DWP,null,null,null,null,null,null,null,null,
Carex nigromarginata var. floridana,null,BRE,USF,null,null,null,null,null,null,null,null,
Carex comosa,null,DAD,FNPS,null,null,null,null,null,null,null,null,
Carex comosa,null,MOM,FNPS,null,null,null,null,null,null,null,null,
Carex comosa,null,CLL,FNPS,null,null,null,null,null,null,null,null,
Carex longii,null,MOM,FNPS,null,null,null,null,null,null,null,null,
Carex nigromarginata var. floridana,null,PAS,USF,null,null,null,null,null,null,null,null,
Carex striata,null,BAY,FSU,null,null,null,null,null,null,null,null,
Carex longii,null,DES,USF,null,null,null,null,null,null,null,null,
Carex gholsonii,null,FLA,USF,null,null,null,null,null,null,null,null,
Carex lurida,null,HAM,USF,null,null,null,null,null,null,null,null,
Carex paeninsulae,null,VOL,USF,null,null,null,null,null,null,null,null,
Carex godfreyi,null,FLA,USF,null,null,null,null,null,null,null,null,
Carex chapmannii,null,FLA,USF,null,null,null,null,null,null,null,null,
Carex dasycarpa,null,CLA,USF,null,null,null,null,null,null,null,null,
Carex oxylepis,null,PUT,USF,null,null,null,null,null,null,null,null,
Carex elliottii,null,FLA,USF,null,null,null,null,null,null,null,null,
Carex blanda,null,PUT,USF,null,null,null,null,null,null,null,null,
Carex digitalis,null,PUT,USF,null,null,null,null,null,null,null,null,
Carex bromoides,null,FLA,USF,null,null,null,null,null,null,null,null,
Carex paeninsulae,null,CIT,USF,null,null,null,null,null,null,null,null,
Carex verrucosa,null,BAY,FSU,null,null,null,null,null,null,null,null,
Carex nigromarginata var. floridana,null,CIT,USF,null,null,null,null,null,null,null,null,
Carex joorii,null,BAK,USF,null,null,null,null,null,null,null,null,
Carex leptalea,null,VOL,USF,null,null,null,null,null,null,null,null,
Carex bromoides,null,VOL,USF,null,null,null,null,null,null,null,null,
Carex vulpinoidea,null,DUV,GA-Lit,null,null,null,null,null,null,null,"Lit-GA: Zomlefer et al., J. Bot. Res. Inst. Texas  1: 1171.  2007.",
Carex atlantica subsp. atlantica,null,DUV,GA-Lit,null,null,null,null,null,null,null,"Lit-GA: Zomlefer et al., J. Bot. Res. Inst. Texas  1: 1171.  2007.",
Carex albicans var. australis,null,DUV,GA-Lit,null,null,null,null,null,null,null,"Lit-GA: Zomlefer et al., J. Bot. Res. Inst. Texas  1: 1171.  2007.",
Carex venusta,null,GAD,FSU,null,null,null,null,null,null,null,null,
Carex thornei,null,LEO,FSU,null,null,null,null,null,null,null,null,
Carex oxylepis,null,JAC,USF,null,null,null,null,null,null,null,null,
Carex muehlenbergii,null,GAD,FSU,null,null,null,null,null,null,null,null,
Carex leptalea,null,JAC,FSU,null,null,null,null,null,null,null,null,
Carex cephalophora,null,CAL,USF,null,null,null,null,null,null,null,null,
Carex kraliana,null,JAC,FSU,null,null,null,null,null,null,null,null,
Carex gigantea,null,JAC,FSU,null,null,null,null,null,null,null,null,
Carex festucacea,null,WAK,FSU,null,null,null,null,null,null,null,null,
Carex dasycarpa,null,CAL,USF,null,null,null,null,null,null,null,null,
Carex chapmannii,null,GAD,FSU,null,null,null,null,null,null,null,null,
Carex chapmannii,null,JAC,FSU,null,null,null,null,null,null,null,null,
Carex aureolensis,null,JEF,FSU,null,null,null,null,null,null,null,null,
Carex alata,null,WAK,FSU,null,null,null,null,null,null,null,null,
Carex typhina,null,CAL,USF,null,null,null,null,null,null,null,null,
Carex louisianica,null,CAL,USF,null,null,null,null,null,null,null,null,
Carex stipata,null,VOL,USF,null,null,null,null,null,null,null,null,
Carex gigantea,null,SAR,SEL,null,null,null,null,null,null,null,null,
Carex longii,null,FLA,USF,null,null,null,null,null,null,null,null,
Carex comosa,null,VOL,USF,null,null,null,null,null,null,null,null,
Carex stipata,null,STJ,USF,null,null,null,null,null,null,null,null,
Carex lurida,null,HIL,USF,null,null,null,null,null,null,null,null,
Carex cherokeensis,null,PUT,USF,null,null,null,null,null,null,null,null,
Carex striata,null,STJ,USF,null,null,null,null,null,null,null,null,
Carex stipata,null,DES,USF,null,null,null,null,null,null,null,null,
Carex vexans,null,DES,USF,null,null,null,null,null,null,null,null,
Carex alata,null,LEV,USF,null,null,null,null,null,null,null,null,
Carex longii,null,LEE,USF,null,null,null,null,null,null,null,null,
Carex stipata,null,FLA,USF,null,null,null,null,null,null,null,null,
Carex fissa var. aristata,null,LAF,USF,null,null,null,null,null,null,null,null,
Carex fissa var. aristata,null,VOL,USF,null,null,null,null,null,null,null,null,
Carex nigromarginata var. floridana,null,VOL,USF,null,null,null,null,null,null,null,null,
Carex nigromarginata var. floridana,null,FLA,USF,null,null,null,null,null,null,null,null,
Carex crus-corvi,null,LEV,FLAS,null,null,null,null,null,null,null,null,
Carex lupuliformis,null,DUV,USF,null,null,null,null,null,null,null,null,
Carex lupuliformis,null,UNI,FLAS,null,null,null,null,null,null,null,null,
Carex verrucosa,null,UNI,USF,null,null,null,null,null,null,null,null,
Carex verrucosa,null,DIX,USF,null,null,null,null,null,null,null,null,
Carex joorii,null,STJ,USF,null,null,null,null,null,null,null,null,
Carex joorii,null,ALA,FLAS,null,null,null,null,null,null,null,null,
Carex vexans,null,VOL,USF,null,null,null,null,null,null,null,null,
Carex venusta,null,LEO,FSU,null,null,null,null,null,null,null,null,
Carex muehlenbergii,null,JAC,USF,null,null,null,null,null,null,null,null,
Carex kraliana,null,LEO,FSU,null,null,null,null,null,null,null,null,
Carex aureolensis,null,CAL,USF,null,null,null,null,null,null,null,null,
Carex fissa var. aristata,null,CAL,USF,null,null,null,null,null,null,null,null,
Carex stipata,null,TAY,FLAS,null,null,null,null,null,null,null,null,
Carex crus-corvi,null,TAY,FLAS,null,null,null,null,null,null,null,null,
Carex lonchocarpa,null,CLU,USF,null,null,null,null,null,null,null,null,
Carex venusta,null,ESC,UWFP,null,null,null,null,null,null,null,null,
Carex tenax,null,ESC,UWFP,null,null,null,null,null,null,null,null,
Carex lurida,null,SAN,UWFP,null,null,null,null,null,null,null,null,
Carex intumescens,null,ESC,UWFP,null,null,null,null,null,null,null,null,
Carex abscondita,null,ESC,UWFP,null,null,null,null,null,null,null,null,
Carex gholsonii,null,PUT,USF,null,null,null,null,null,null,null,null,
Carex gholsonii,null,SUM,USF,null,null,null,null,null,null,null,null,
Carex gholsonii,null,MAR,USF,null,null,null,null,null,null,null,null,
Carex gholsonii,null,HAR,FTG,null,null,null,null,null,null,null,null,
Carex gholsonii,null,OSC,FTG,null,null,null,null,null,null,null,null,
Carex retroflexa,null,ESC,FLAS,null,null,null,null,null,null,null,null,
Carex calcifugens,null,LEO,NY,null,null,null,null,null,null,null,null,
Carex calcifugens,null,LIB,USF,null,null,null,null,null,null,null,null,
Carex paeninsulae,null,HER,USF,null,null,null,null,null,null,null,null,
Carex paeninsulae,null,SEM,USF,null,null,null,null,null,null,null,null,
Carex paeninsulae,null,SUM,USF,null,null,null,null,null,null,null,null,
Carex paeninsulae,null,MAR,USF,null,null,null,null,null,null,null,null,
Carex paeninsulae,null,LEV,FLAS,null,null,null,null,null,null,null,null,
Carex paeninsulae,null,GIL,FLAS,null,null,null,null,null,null,null,null,
Carex paeninsulae,null,STJ,PH,null,null,null,null,null,null,null,null,
Carex paeninsulae,null,CLA,FLAS,null,null,null,null,null,null,null,null,
Carex paeninsulae,null,DUV,NY,null,null,null,null,null,null,null,null,
Carex paeninsulae,null,BRA,NY,null,null,null,null,null,null,null,null,
Carex paeninsulae,null,SUW,USF,null,null,null,null,null,null,null,null,
Carex thornei,null,LIB,FSU,null,null,null,null,null,null,null,null,
Carex thornei,null,GAD,FLAS,null,null,null,null,null,null,null,null,
Carex kraliana,null,GAD,FLAS,null,null,null,null,null,null,null,null,
Carex gholsonii,null,BRE,MICH,null,null,null,null,null,null,null,null,
Carex gholsonii,null,POL,USF,null,null,null,null,null,null,null,null,
Carex gholsonii,null,HIL,USF,null,null,null,null,null,null,null,null,
Carex gholsonii,null,LAK,USF,null,null,null,null,null,null,null,null,
Carex gholsonii,null,CIT,USF,null,null,null,null,null,null,null,null,
Carex gholsonii,null,VOL,USF,null,null,null,null,null,null,null,null,
Carex gholsonii,null,LEV,USF,null,null,null,null,null,null,null,null,
Carex gholsonii,null,STJ,USF,null,null,null,null,null,null,null,null,
Carex gholsonii,null,ALA,PH,null,null,null,null,null,null,null,null,
Carex gholsonii,null,DIX,USF,null,null,null,null,null,null,null,null,
Carex gholsonii,null,NAS,USF,null,null,null,null,null,null,null,null,
Carex gholsonii,null,CLU,USF,null,null,null,null,null,null,null,null,
Carex gholsonii,null,TAY,USF,null,null,null,null,null,null,null,null,
Carex gholsonii,null,JEF,USF,null,null,null,null,null,null,null,null,
Carex gholsonii,null,WAK,USF,null,null,null,null,null,null,null,null,
Carex gholsonii,null,LEO,USF,null,null,null,null,null,null,null,null,
Carex gholsonii,null,GAD,USF,null,null,null,null,null,null,null,null,
Carex crus-corvi,null,GUL,FSU,null,null,null,null,null,null,null,null,
Carex atlantica subsp. capillacea,null,MAN,USF,null,null,null,null,null,null,null,null,
Carex longii,null,BRE,USF,null,null,null,null,null,null,null,null,
Carex lurida,null,NAS,FSU,null,null,null,null,null,null,null,null,
Carex louisianica,null,NAS,FSU,null,null,null,null,null,null,null,null,
Carex striata,null,POL,USF,null,null,null,null,null,null,null,null,
Carex fissa var. aristata,null,ESC,USF,null,null,null,null,null,null,null,null,
Carex albolutescens,null,LIB,FSU,null,null,null,null,null,null,null,null,
Carex atlantica subsp. atlantica,null,BAY,FSU,null,null,null,null,null,null,null,null,
Carex vexans,null,WAK,FSU,null,null,null,null,null,null,null,null,
Carex atlantica subsp. capillacea,null,CAL,USF,null,null,null,null,null,null,null,null,
Carex alata,null,WAS,FSU,null,null,null,null,null,null,null,null,
Carex alata,null,LIB,FSU,null,null,null,null,null,null,null,null,
Carex tribuloides,null,VOL,USF,null,null,null,null,null,null,null,null,
Carex verrucosa,null,PAL,FTG,null,null,null,null,null,null,null,null,
Carex alata,null,JEF,USF,null,null,null,null,null,null,null,null,
Carex tribuloides,null,FRA,FSU,null,null,null,null,null,null,null,null,
Carex gigantea,null,LEE,NY,null,null,null,null,null,null,null,null,
Carex crebriflora,null,CLA,FSU,null,null,null,null,null,null,null,null,
Carex albolutescens,null,LEO,DUKE,null,null,null,null,null,null,null,null,
Carex atlantica subsp. capillacea,null,CLA,USF,null,null,null,null,null,null,null,null,
Carex godfreyi,null,MRT,NY-Lit,null,null,null,null,null,null,null,"Lit-NY: Naczi, Contr. Univ. Michigan Herb.  19: 202-203.  1993.",
Carex godfreyi,null,POL,USF,null,null,null,null,null,null,null,null,
Carex godfreyi,null,HIL,USF,null,null,null,null,null,null,null,null,
Carex godfreyi,null,PAS,USF,null,null,null,null,null,null,null,null,
Carex godfreyi,null,ORA,USF,null,null,null,null,null,null,null,null,
Carex godfreyi,null,SEM,USF,null,null,null,null,null,null,null,null,
Carex godfreyi,null,LAK,USF,null,null,null,null,null,null,null,null,
Carex godfreyi,null,SUM,FTG,null,null,null,null,null,null,null,null,
Carex godfreyi,null,CIT,USF,null,null,null,null,null,null,null,null,
Carex godfreyi,null,VOL,USF,null,null,null,null,null,null,null,null,
Carex godfreyi,null,MAR,USF,null,null,null,null,null,null,null,null,
Carex godfreyi,null,LEV,USF,null,null,null,null,null,null,null,null,
Carex godfreyi,null,DIX,USF,null,null,null,null,null,null,null,null,
Carex godfreyi,null,STJ,USF,null,null,null,null,null,null,null,null,
Carex godfreyi,null,CLA,USF,null,null,null,null,null,null,null,null,
Carex godfreyi,null,DUV,USF,null,null,null,null,null,null,null,null,
Carex godfreyi,null,NAS,USF,null,null,null,null,null,null,null,null,
Carex godfreyi,null,CLU,USF,null,null,null,null,null,null,null,null,
Carex godfreyi,null,SUW,FTG,null,null,null,null,null,null,null,null,
Carex godfreyi,null,TAY,USF,null,null,null,null,null,null,null,null,
Carex godfreyi,null,JEF,USF,null,null,null,null,null,null,null,null,
Carex godfreyi,null,WAK,USF,null,null,null,null,null,null,null,null,
Carex godfreyi,null,LEO,USF,null,null,null,null,null,null,null,null,
Carex godfreyi,null,GAD,NY-Lit,null,null,null,null,null,null,null,"Lit-NY: Naczi, Contr. Univ. Michigan Herb.  19: 202-203.  1993.",
Carex godfreyi,null,LIB,USF,null,null,null,null,null,null,null,null,
Carex godfreyi,null,JAC,FSU-Lit,null,null,null,null,null,null,null,"Lit-FSU: Naczi, Contr. Univ. Michigan Herb.  19: 202-203.  1993.",
Carex godfreyi,null,BAY,FLAS-Lit,null,null,null,null,null,null,null,"Lit-FLAS: Naczi, Contr. Univ. Michigan Herb.  19: 202-203.  1993.",
Carex godfreyi,null,WAS,FSU,null,null,null,null,null,null,null,null,
Carex vulpinoidea,null,LEO,FLAS,null,null,null,null,null,null,null,null,
Carex vulpinoidea,null,LIB,FSU,null,null,null,null,null,null,null,null,
Carex vulpinoidea,null,JAC,FSU,null,null,null,null,null,null,null,null,
Carex vulpinoidea,null,SAN,FLAS,null,null,null,null,null,null,null,null,
Carex vulpinoidea,null,ESC,FLAS,null,null,null,null,null,null,null,null,
Carex vexans,null,CLL,USF,null,null,null,null,null,null,null,null,
Carex vexans,null,PAL,USF,null,null,null,null,null,null,null,null,
Carex vexans,null,HEN,FLAS,null,null,null,null,null,null,null,null,
Carex vexans,null,LEE,USF,null,null,null,null,null,null,null,null,
Carex vexans,null,CHA,USF,null,null,null,null,null,null,null,null,
Carex vexans,null,MRT,USF,null,null,null,null,null,null,null,null,
Carex vexans,null,STL,USF,null,null,null,null,null,null,null,null,
Carex vexans,null,SAR,USF,null,null,null,null,null,null,null,null,
Carex vexans,null,OKE,FLAS,null,null,null,null,null,null,null,null,
Carex vexans,null,HIG,FLAS,null,null,null,null,null,null,null,null,
Carex vexans,null,HAR,USF,null,null,null,null,null,null,null,null,
Carex vexans,null,MAN,USF,null,null,null,null,null,null,null,null,
Carex vexans,null,IND,FSU,null,null,null,null,null,null,null,null,
Carex vexans,null,OSC,USF,null,null,null,null,null,null,null,null,
Carex vexans,null,POL,USF,null,null,null,null,null,null,null,null,
Carex vexans,null,HIL,USF,null,null,null,null,null,null,null,null,
Carex vexans,null,PIN,USF,null,null,null,null,null,null,null,null,
Carex vexans,null,PAS,USF,null,null,null,null,null,null,null,null,
Carex vexans,null,ORA,USF,null,null,null,null,null,null,null,null,
Carex vexans,null,SEM,USF,null,null,null,null,null,null,null,null,
Carex vexans,null,LAK,USF,null,null,null,null,null,null,null,null,
Carex vexans,null,SUM,USF,null,null,null,null,null,null,null,null,
Carex vexans,null,CIT,USF,null,null,null,null,null,null,null,null,
Carex vexans,null,MAR,USF,null,null,null,null,null,null,null,null,
Carex vexans,null,LEV,USF,null,null,null,null,null,null,null,null,
Carex vexans,null,FLA,USF,null,null,null,null,null,null,null,null,
Carex vexans,null,PUT,FLAS,null,null,null,null,null,null,null,null,
Carex vexans,null,DIX,FSU,null,null,null,null,null,null,null,null,
Carex vexans,null,TAY,USF,null,null,null,null,null,null,null,null,
Carex vexans,null,FRA,FSU,null,null,null,null,null,null,null,null,
Carex verrucosa,null,CLL,USF,null,null,null,null,null,null,null,null,
Carex verrucosa,null,LEE,USF,null,null,null,null,null,null,null,null,
Carex verrucosa,null,HIG,USF,null,null,null,null,null,null,null,null,
Carex verrucosa,null,MAN,USF,null,null,null,null,null,null,null,null,
Carex verrucosa,null,OSC,USF,null,null,null,null,null,null,null,null,
Carex verrucosa,null,POL,USF,null,null,null,null,null,null,null,null,
Carex verrucosa,null,HIL,USF,null,null,null,null,null,null,null,null,
Carex verrucosa,null,PIN,USF,null,null,null,null,null,null,null,null,
Carex verrucosa,null,PAS,USF,null,null,null,null,null,null,null,null,
Carex verrucosa,null,ORA,USF,null,null,null,null,null,null,null,null,
Carex verrucosa,null,SUM,USF,null,null,null,null,null,null,null,null,
Carex verrucosa,null,VOL,USF,null,null,null,null,null,null,null,null,
Carex verrucosa,null,MAR,FSU,null,null,null,null,null,null,null,null,
Carex verrucosa,null,LEV,USF,null,null,null,null,null,null,null,null,
Carex verrucosa,null,FLA,USF,null,null,null,null,null,null,null,null,
Carex verrucosa,null,PUT,USF,null,null,null,null,null,null,null,null,
Carex verrucosa,null,ALA,FLAS,null,null,null,null,null,null,null,null,
Carex verrucosa,null,CLA,USF,null,null,null,null,null,null,null,null,
Carex verrucosa,null,DUV,USF,null,null,null,null,null,null,null,null,
Carex verrucosa,null,NAS,USF,null,null,null,null,null,null,null,null,
Carex verrucosa,null,BRA,USF,null,null,null,null,null,null,null,null,
Carex verrucosa,null,BAK,FLAS,null,null,null,null,null,null,null,null,
Carex verrucosa,null,CLU,USF,null,null,null,null,null,null,null,null,
Carex verrucosa,null,SUW,FLAS,null,null,null,null,null,null,null,null,
Carex verrucosa,null,HAM,USF,null,null,null,null,null,null,null,null,
Carex verrucosa,null,TAY,USF,null,null,null,null,null,null,null,null,
Carex verrucosa,null,MAD,USF,null,null,null,null,null,null,null,null,
Carex verrucosa,null,JEF,FLAS,null,null,null,null,null,null,null,null,
Carex verrucosa,null,WAK,USF,null,null,null,null,null,null,null,null,
Carex verrucosa,null,LEO,FSU,null,null,null,null,null,null,null,null,
Carex verrucosa,null,GAD,FLAS,null,null,null,null,null,null,null,null,
Carex verrucosa,null,FRA,FSU,null,null,null,null,null,null,null,null,
Carex verrucosa,null,LIB,USF,null,null,null,null,null,null,null,null,
Carex verrucosa,null,CAL,USF,null,null,null,null,null,null,null,null,
Carex verrucosa,null,JAC,FSU,null,null,null,null,null,null,null,null,
Carex verrucosa,null,HOL,USF,null,null,null,null,null,null,null,null,
Carex verrucosa,null,OKA,USF,null,null,null,null,null,null,null,null,
Carex verrucosa,null,SAN,FTG,null,null,null,null,null,null,null,null,
Carex verrucosa,null,ESC,FSU,null,null,null,null,null,null,null,null,
Carex venusta,null,WAK,FTG,null,null,null,null,null,null,null,null,
Carex venusta,null,LIB,USF,null,null,null,null,null,null,null,null,
Carex venusta,null,WAL,USF,null,null,null,null,null,null,null,null,
Carex venusta,null,OKA,USF,null,null,null,null,null,null,null,null,
Carex venusta,null,SAN,MOR,null,null,null,null,null,null,null,null,
Carex typhina,null,LIB,FLAS,null,null,null,null,null,null,null,null,
Carex typhina,null,GAD,USF,null,null,null,null,null,null,null,null,
Carex typhina,null,JAC,FSU,null,null,null,null,null,null,null,null,
Carex typhina,null,SAN,FLAS,null,null,null,null,null,null,null,null,
Carex turgescens,null,FRA,USF,null,null,null,null,null,null,null,null,
Carex turgescens,null,LIB,USF,null,null,null,null,null,null,null,null,
Carex turgescens,null,GUL,FSU,null,null,null,null,null,null,null,null,
Carex turgescens,null,WAL,USF,null,null,null,null,null,null,null,null,
Carex turgescens,null,OKA,USF,null,null,null,null,null,null,null,null,
Carex turgescens,null,SAN,USF,null,null,null,null,null,null,null,null,
Carex turgescens,null,ESC,FSU,null,null,null,null,null,null,null,null,
Carex tribuloides,null,SUM,USF,null,null,null,null,null,null,null,null,
Carex tribuloides,null,LIB,FLAS,null,null,null,null,null,null,null,null,
Carex tribuloides,null,SAN,FLAS,null,null,null,null,null,null,null,null,
Carex tenax,null,GAD,FSU,null,null,null,null,null,null,null,null,
Carex tenax,null,LIB,USF,null,null,null,null,null,null,null,null,
Carex tenax,null,CAL,USF,null,null,null,null,null,null,null,null,
Carex tenax,null,BAY,FLAS,null,null,null,null,null,null,null,null,
Carex tenax,null,WAS,FSU,null,null,null,null,null,null,null,null,
Carex tenax,null,HOL,FSU,null,null,null,null,null,null,null,null,
Carex tenax,null,WAL,USF,null,null,null,null,null,null,null,null,
Carex tenax,null,OKA,USF,null,null,null,null,null,null,null,null,
Carex tenax,null,SAN,FLAS,null,null,null,null,null,null,null,null,
Carex superata,null,LEO,FSU,null,null,null,null,null,null,null,null,
Carex superata,null,GAD,USF,null,null,null,null,null,null,null,null,
Carex superata,null,LIB,USF,null,null,null,null,null,null,null,null,
Carex styloflexa,null,JEF,USF,null,null,null,null,null,null,null,null,
Carex styloflexa,null,WAK,USF,null,null,null,null,null,null,null,null,
Carex styloflexa,null,LEO,USF,null,null,null,null,null,null,null,null,
Carex styloflexa,null,GAD,USF,null,null,null,null,null,null,null,null,
Carex styloflexa,null,FRA,USF,null,null,null,null,null,null,null,null,
Carex styloflexa,null,LIB,USF,null,null,null,null,null,null,null,null,
Carex styloflexa,null,JAC,NY,null,null,null,null,null,null,null,null,
Carex styloflexa,null,BAY,FLAS,null,null,null,null,null,null,null,null,
Carex styloflexa,null,HOL,USF,null,null,null,null,null,null,null,null,
Carex styloflexa,null,WAL,USF,null,null,null,null,null,null,null,null,
Carex striatula,null,ALA,USF,null,null,null,null,null,null,null,null,
Carex striatula,null,NAS,USF,null,null,null,null,null,null,null,null,
Carex striatula,null,SUW,FTG,null,null,null,null,null,null,null,null,
Carex striatula,null,HAM,USF,null,null,null,null,null,null,null,null,
Carex striatula,null,JEF,USF,null,null,null,null,null,null,null,null,
Carex striatula,null,WAK,USF,null,null,null,null,null,null,null,null,
Carex striatula,null,LEO,USF,null,null,null,null,null,null,null,null,
Carex striatula,null,GAD,USF,null,null,null,null,null,null,null,null,
Carex striatula,null,LIB,FLAS,null,null,null,null,null,null,null,null,
Carex striatula,null,CAL,USF,null,null,null,null,null,null,null,null,
Carex striatula,null,JAC,FLAS,null,null,null,null,null,null,null,null,
Carex striatula,null,HOL,USF,null,null,null,null,null,null,null,null,
Carex striatula,null,WAL,USF,null,null,null,null,null,null,null,null,
Carex striatula,null,OKA,USF,null,null,null,null,null,null,null,null,
Carex striatula,null,SAN,USF,null,null,null,null,null,null,null,null,
Carex striata,null,LEV,USF,null,null,null,null,null,null,null,null,
Carex striata,null,ALA,FLAS,null,null,null,null,null,null,null,null,
Carex striata,null,GIL,USF,null,null,null,null,null,null,null,null,
Carex striata,null,CLA,USF,null,null,null,null,null,null,null,null,
Carex striata,null,DUV,USF,null,null,null,null,null,null,null,null,
Carex striata,null,NAS,USF,null,null,null,null,null,null,null,null,
Carex striata,null,BRA,FSU,null,null,null,null,null,null,null,null,
Carex striata,null,CLU,USF,null,null,null,null,null,null,null,null,
Carex striata,null,HAM,USF,null,null,null,null,null,null,null,null,
Carex striata,null,LAF,USF,null,null,null,null,null,null,null,null,
Carex striata,null,TAY,USF,null,null,null,null,null,null,null,null,
Carex striata,null,MAD,USF,null,null,null,null,null,null,null,null,
Carex striata,null,JEF,FSU,null,null,null,null,null,null,null,null,
Carex striata,null,WAK,FSU,null,null,null,null,null,null,null,null,
Carex striata,null,LEO,USF,null,null,null,null,null,null,null,null,
Carex striata,null,FRA,FSU,null,null,null,null,null,null,null,null,
Carex striata,null,LIB,USF,null,null,null,null,null,null,null,null,
Carex striata,null,GUL,NY,null,null,null,null,null,null,null,null,
Carex striata,null,WAL,FLAS,null,null,null,null,null,null,null,null,
Carex striata,null,SAN,UWFP,null,null,null,null,null,null,null,null,
Carex striata,null,ESC,FSU,null,null,null,null,null,null,null,null,
Carex stipata,null,SAR,FTG,null,null,null,null,null,null,null,null,
Carex stipata,null,HIG,USF,null,null,null,null,null,null,null,null,
Carex stipata,null,HAR,USF,null,null,null,null,null,null,null,null,
Carex stipata,null,POL,USF,null,null,null,null,null,null,null,null,
Carex stipata,null,HIL,USF,null,null,null,null,null,null,null,null,
Carex stipata,null,SEM,USF,null,null,null,null,null,null,null,null,
Carex stipata,null,LAK,USF,null,null,null,null,null,null,null,null,
Carex stipata,null,SUM,USF,null,null,null,null,null,null,null,null,
Carex stipata,null,CIT,USF,null,null,null,null,null,null,null,null,
Carex stipata,null,MAR,USF,null,null,null,null,null,null,null,null,
Carex stipata,null,LEV,USF,null,null,null,null,null,null,null,null,
Carex stipata,null,PUT,FSU,null,null,null,null,null,null,null,null,
Carex stipata,null,ALA,FLAS,null,null,null,null,null,null,null,null,
Carex stipata,null,CLA,USF,null,null,null,null,null,null,null,null,
Carex stipata,null,DUV,FLAS,null,null,null,null,null,null,null,null,
Carex stipata,null,MAD,FSU,null,null,null,null,null,null,null,null,
Carex stipata,null,JEF,USF,null,null,null,null,null,null,null,null,
Carex stipata,null,LEO,FSU,null,null,null,null,null,null,null,null,
Carex stipata,null,GAD,FSU,null,null,null,null,null,null,null,null,
Carex stipata,null,FRA,USF,null,null,null,null,null,null,null,null,
Carex stipata,null,GUL,FSU,null,null,null,null,null,null,null,null,
Carex stipata,null,JAC,FSU,null,null,null,null,null,null,null,null,
Carex stipata,null,SAN,FLAS,null,null,null,null,null,null,null,null,
Carex stipata,null,ESC,FLAS,null,null,null,null,null,null,null,null,
Carex seorsa,null,LEO,FLAS,null,null,null,null,null,null,null,null,
Carex seorsa,null,LIB,FSU,null,null,null,null,null,null,null,null,
Carex rosea,null,LEO,FSU,null,null,null,null,null,null,null,null,
Carex rosea,null,WAL,USF,null,null,null,null,null,null,null,null,
Carex retroflexa,null,HER,USF,null,null,null,null,null,null,null,null,
Carex retroflexa,null,ALA,USF,null,null,null,null,null,null,null,null,
Carex retroflexa,null,GAD,FLAS,null,null,null,null,null,null,null,null,
Carex reniformis,null,LEO,FSU,null,null,null,null,null,null,null,null,
Carex reniformis,null,GAD,FLAS,null,null,null,null,null,null,null,null,
Carex reniformis,null,SAN,USF,null,null,null,null,null,null,null,null,
Carex reniformis,null,ESC,FSU,null,null,null,null,null,null,null,null,
Carex oxylepis,null,MAR,FTG,null,null,null,null,null,null,null,null,
Carex oxylepis,null,ALA,USF,null,null,null,null,null,null,null,null,
Carex oxylepis,null,JEF,USF,null,null,null,null,null,null,null,null,
Carex oxylepis,null,WAK,FSU,null,null,null,null,null,null,null,null,
Carex oxylepis,null,GAD,USF,null,null,null,null,null,null,null,null,
Carex oxylepis,null,LIB,FSU,null,null,null,null,null,null,null,null,
Carex nigromarginata var. floridana,null,HAR,USF,null,null,null,null,null,null,null,null,
Carex nigromarginata var. floridana,null,MAN,USF,null,null,null,null,null,null,null,null,
Carex nigromarginata var. floridana,null,POL,USF,null,null,null,null,null,null,null,null,
Carex nigromarginata var. floridana,null,HIL,USF,null,null,null,null,null,null,null,null,
Carex nigromarginata var. floridana,null,ORA,FTG,null,null,null,null,null,null,null,null,
Carex nigromarginata var. floridana,null,HER,USF,null,null,null,null,null,null,null,null,
Carex nigromarginata var. floridana,null,SEM,USF,null,null,null,null,null,null,null,null,
Carex nigromarginata var. floridana,null,LAK,USF,null,null,null,null,null,null,null,null,
Carex nigromarginata var. floridana,null,SUM,USF,null,null,null,null,null,null,null,null,
Carex nigromarginata var. floridana,null,MAR,USF,null,null,null,null,null,null,null,null,
Carex nigromarginata var. floridana,null,LEV,FLAS,null,null,null,null,null,null,null,null,
Carex nigromarginata var. floridana,null,ALA,USF,null,null,null,null,null,null,null,null,
Carex nigromarginata var. floridana,null,DUV,FLAS,null,null,null,null,null,null,null,null,
Carex nigromarginata var. floridana,null,NAS,FTG,null,null,null,null,null,null,null,null,
Carex nigromarginata var. floridana,null,SUW,FTG,null,null,null,null,null,null,null,null,
Carex nigromarginata var. floridana,null,HAM,FTG,null,null,null,null,null,null,null,null,
Carex nigromarginata var. floridana,null,JEF,USF,null,null,null,null,null,null,null,null,
Carex nigromarginata var. floridana,null,WAK,USF,null,null,null,null,null,null,null,null,
Carex nigromarginata var. floridana,null,LEO,USF,null,null,null,null,null,null,null,null,
Carex nigromarginata var. floridana,null,GAD,USF,null,null,null,null,null,null,null,null,
Carex nigromarginata var. floridana,null,FRA,FSU,null,null,null,null,null,null,null,null,
Carex nigromarginata var. floridana,null,LIB,USF,null,null,null,null,null,null,null,null,
Carex nigromarginata var. floridana,null,CAL,USF,null,null,null,null,null,null,null,null,
Carex nigromarginata var. floridana,null,BAY,FSU,null,null,null,null,null,null,null,null,
Carex nigromarginata var. floridana,null,HOL,USF,null,null,null,null,null,null,null,null,
Carex nigromarginata var. floridana,null,WAL,USF,null,null,null,null,null,null,null,null,
Carex nigromarginata var. floridana,null,SAN,USF,null,null,null,null,null,null,null,null,
Carex nigromarginata var. floridana,null,ESC,USF,null,null,null,null,null,null,null,null,
Carex muehlenbergii,null,WAK,FLAS,null,null,null,null,null,null,null,null,
Carex muehlenbergii,null,LEO,FLAS,null,null,null,null,null,null,null,null,
Carex muehlenbergii,null,LIB,FSU,null,null,null,null,null,null,null,null,
Carex muehlenbergii,null,OKA,USF,null,null,null,null,null,null,null,null,
Carex muehlenbergii,null,SAN,FLAS,null,null,null,null,null,null,null,null,
Carex muehlenbergii,null,ESC,USF,null,null,null,null,null,null,null,null,
Carex mitchelliana,null,LEO,FSU,null,null,null,null,null,null,null,null,
Carex mitchelliana,null,LIB,USF,null,null,null,null,null,null,null,null,
Carex microdonta,null,GAD,Lit,null,null,null,null,null,null,null,"Lit: E. M. Bridges & Orzell, Sida  13: 378.  1989.",
Carex lurida,null,HER,USF,null,null,null,null,null,null,null,null,
Carex lurida,null,BAK,FLAS,null,null,null,null,null,null,null,null,
Carex lurida,null,CLU,FLAS,null,null,null,null,null,null,null,null,
Carex lurida,null,JEF,FLAS,null,null,null,null,null,null,null,null,
Carex lurida,null,LEO,USF,null,null,null,null,null,null,null,null,
Carex lurida,null,GAD,USF,null,null,null,null,null,null,null,null,
Carex lurida,null,LIB,FLAS,null,null,null,null,null,null,null,null,
Carex lurida,null,CAL,USF,null,null,null,null,null,null,null,null,
Carex lurida,null,JAC,FSU,null,null,null,null,null,null,null,null,
Carex lurida,null,WAL,FLAS,null,null,null,null,null,null,null,null,
Carex lurida,null,ESC,FLAS,null,null,null,null,null,null,null,null,
Carex lupulina,null,NAS,MICH,null,null,null,null,null,null,null,null,
Carex lupuliformis,null,CLL,USF,null,null,null,null,null,null,null,null,
Carex lupuliformis,null,LEE,FTG,null,null,null,null,null,null,null,null,
Carex lupuliformis,null,GLA,USF,null,null,null,null,null,null,null,null,
Carex lupuliformis,null,MRT,USF,null,null,null,null,null,null,null,null,
Carex lupuliformis,null,DES,USF,null,null,null,null,null,null,null,null,
Carex lupuliformis,null,SAR,USF,null,null,null,null,null,null,null,null,
Carex lupuliformis,null,STL,FLAS,null,null,null,null,null,null,null,null,
Carex lupuliformis,null,OKE,USF,null,null,null,null,null,null,null,null,
Carex lupuliformis,null,HIG,USF,null,null,null,null,null,null,null,null,
Carex lupuliformis,null,HAR,USF,null,null,null,null,null,null,null,null,
Carex lupuliformis,null,MAN,USF,null,null,null,null,null,null,null,null,
Carex lupuliformis,null,BRE,USF,null,null,null,null,null,null,null,null,
Carex lupuliformis,null,OSC,USF,null,null,null,null,null,null,null,null,
Carex lupuliformis,null,POL,USF,null,null,null,null,null,null,null,null,
Carex lupuliformis,null,HIL,USF,null,null,null,null,null,null,null,null,
Carex lupuliformis,null,PIN,USF,null,null,null,null,null,null,null,null,
Carex lupuliformis,null,PAS,USF,null,null,null,null,null,null,null,null,
Carex lupuliformis,null,ORA,USF,null,null,null,null,null,null,null,null,
Carex lupuliformis,null,HER,USF,null,null,null,null,null,null,null,null,
Carex lupuliformis,null,SEM,USF,null,null,null,null,null,null,null,null,
Carex lupuliformis,null,LAK,USF,null,null,null,null,null,null,null,null,
Carex lupuliformis,null,SUM,USF,null,null,null,null,null,null,null,null,
Carex lupuliformis,null,VOL,USF,null,null,null,null,null,null,null,null,
Carex lupuliformis,null,MAR,USF,null,null,null,null,null,null,null,null,
Carex lupuliformis,null,LEV,USF,null,null,null,null,null,null,null,null,
Carex lupuliformis,null,FLA,USF,null,null,null,null,null,null,null,null,
Carex lupuliformis,null,PUT,USF,null,null,null,null,null,null,null,null,
Carex lupuliformis,null,ALA,USF,null,null,null,null,null,null,null,null,
Carex lupuliformis,null,STJ,USF,null,null,null,null,null,null,null,null,
Carex lupuliformis,null,CLA,USF,null,null,null,null,null,null,null,null,
Carex lupuliformis,null,CLU,FLAS,null,null,null,null,null,null,null,null,
Carex lupuliformis,null,SUW,FLAS,null,null,null,null,null,null,null,null,
Carex lupuliformis,null,HAM,USF,null,null,null,null,null,null,null,null,
Carex lupuliformis,null,TAY,USF,null,null,null,null,null,null,null,null,
Carex lupuliformis,null,JEF,USF,null,null,null,null,null,null,null,null,
Carex lupuliformis,null,WAK,USF,null,null,null,null,null,null,null,null,
Carex lupuliformis,null,LEO,USF,null,null,null,null,null,null,null,null,
Carex lupuliformis,null,GAD,USF,null,null,null,null,null,null,null,null,
Carex lupuliformis,null,FRA,FSU,null,null,null,null,null,null,null,null,
Carex lupuliformis,null,LIB,FSU,null,null,null,null,null,null,null,null,
Carex lupuliformis,null,GUL,FSU,null,null,null,null,null,null,null,null,
Carex lupuliformis,null,JAC,FSU,null,null,null,null,null,null,null,null,
Carex louisianica,null,LEV,FSU,null,null,null,null,null,null,null,null,
Carex louisianica,null,DUV,FSU,null,null,null,null,null,null,null,null,
Carex louisianica,null,HAM,FSU,null,null,null,null,null,null,null,null,
Carex louisianica,null,JEF,USF,null,null,null,null,null,null,null,null,
Carex louisianica,null,GAD,USF,null,null,null,null,null,null,null,null,
Carex louisianica,null,LEO,FSU,null,null,null,null,null,null,null,null,
Carex louisianica,null,FRA,FSU,null,null,null,null,null,null,null,null,
Carex louisianica,null,LIB,FSU,null,null,null,null,null,null,null,null,
Carex louisianica,null,JAC,FLAS,null,null,null,null,null,null,null,null,
Carex louisianica,null,WAS,FSU,null,null,null,null,null,null,null,null,
Carex louisianica,null,HOL,FSU,null,null,null,null,null,null,null,null,
Carex louisianica,null,WAL,FLAS,null,null,null,null,null,null,null,null,
Carex louisianica,null,SAN,FLAS,null,null,null,null,null,null,null,null,
Carex louisianica,null,ESC,FLAS,null,null,null,null,null,null,null,null,
Carex longii,null,BRO,FLAS,null,null,null,null,null,null,null,null,
Carex longii,null,CLL,USF,null,null,null,null,null,null,null,null,
Carex longii,null,PAL,FTG,null,null,null,null,null,null,null,null,
Carex longii,null,HEN,FLAS,null,null,null,null,null,null,null,null,
Carex longii,null,MRT,USF,null,null,null,null,null,null,null,null,
Carex longii,null,SAR,USF,null,null,null,null,null,null,null,null,
Carex longii,null,OKE,USF,null,null,null,null,null,null,null,null,
Carex longii,null,HIG,USF,null,null,null,null,null,null,null,null,
Carex longii,null,HAR,USF,null,null,null,null,null,null,null,null,
Carex longii,null,MAN,USF,null,null,null,null,null,null,null,null,
Carex longii,null,OSC,USF,null,null,null,null,null,null,null,null,
Carex longii,null,POL,USF,null,null,null,null,null,null,null,null,
Carex longii,null,HIL,USF,null,null,null,null,null,null,null,null,
Carex longii,null,PIN,USF,null,null,null,null,null,null,null,null,
Carex longii,null,PAS,USF,null,null,null,null,null,null,null,null,
Carex longii,null,ORA,USF,null,null,null,null,null,null,null,null,
Carex longii,null,HER,USF,null,null,null,null,null,null,null,null,
Carex longii,null,SEM,USF,null,null,null,null,null,null,null,null,
Carex longii,null,LAK,USF,null,null,null,null,null,null,null,null,
Carex longii,null,SUM,USF,null,null,null,null,null,null,null,null,
Carex longii,null,CIT,USF,null,null,null,null,null,null,null,null,
Carex longii,null,VOL,USF,null,null,null,null,null,null,null,null,
Carex longii,null,MAR,USF,null,null,null,null,null,null,null,null,
Carex longii,null,LEV,USF,null,null,null,null,null,null,null,null,
Carex longii,null,PUT,FLAS,null,null,null,null,null,null,null,null,
Carex longii,null,ALA,USF,null,null,null,null,null,null,null,null,
Carex longii,null,GIL,USF,null,null,null,null,null,null,null,null,
Carex longii,null,DIX,FLAS,null,null,null,null,null,null,null,null,
Carex longii,null,STJ,USF,null,null,null,null,null,null,null,null,
Carex longii,null,CLA,USF,null,null,null,null,null,null,null,null,
Carex longii,null,DUV,FLAS,null,null,null,null,null,null,null,null,
Carex longii,null,NAS,USF,null,null,null,null,null,null,null,null,
Carex longii,null,BRA,USF,null,null,null,null,null,null,null,null,
Carex longii,null,CLU,USF,null,null,null,null,null,null,null,null,
Carex longii,null,SUW,FLAS,null,null,null,null,null,null,null,null,
Carex longii,null,HAM,USF,null,null,null,null,null,null,null,null,
Carex longii,null,TAY,USF,null,null,null,null,null,null,null,null,
Carex longii,null,MAD,USF,null,null,null,null,null,null,null,null,
Carex longii,null,JEF,USF,null,null,null,null,null,null,null,null,
Carex longii,null,WAK,USF,null,null,null,null,null,null,null,null,
Carex longii,null,LEO,USF,null,null,null,null,null,null,null,null,
Carex longii,null,GAD,FLAS,null,null,null,null,null,null,null,null,
Carex longii,null,FRA,FSU,null,null,null,null,null,null,null,null,
Carex longii,null,LIB,FLAS,null,null,null,null,null,null,null,null,
Carex longii,null,JAC,FSU,null,null,null,null,null,null,null,null,
Carex longii,null,WAS,FSU,null,null,null,null,null,null,null,null,
Carex longii,null,HOL,FLAS,null,null,null,null,null,null,null,null,
Carex longii,null,WAL,USF,null,null,null,null,null,null,null,null,
Carex longii,null,OKA,USF,null,null,null,null,null,null,null,null,
Carex longii,null,ESC,USF,null,null,null,null,null,null,null,null,
Carex lonchocarpa,null,CLA,USF,null,null,null,null,null,null,null,null,
Carex lonchocarpa,null,NAS,USF,null,null,null,null,null,null,null,null,
Carex lonchocarpa,null,BAK,FLAS,null,null,null,null,null,null,null,null,
Carex lonchocarpa,null,WAK,USF,null,null,null,null,null,null,null,null,
Carex lonchocarpa,null,FRA,USF,null,null,null,null,null,null,null,null,
Carex lonchocarpa,null,LIB,USF,null,null,null,null,null,null,null,null,
Carex lonchocarpa,null,GUL,FSU,null,null,null,null,null,null,null,null,
Carex lonchocarpa,null,CAL,USF,null,null,null,null,null,null,null,null,
Carex lonchocarpa,null,JAC,FSU,null,null,null,null,null,null,null,null,
Carex lonchocarpa,null,HOL,USF,null,null,null,null,null,null,null,null,
Carex lonchocarpa,null,WAL,USF,null,null,null,null,null,null,null,null,
Carex lonchocarpa,null,OKA,USF,null,null,null,null,null,null,null,null,
Carex lonchocarpa,null,SAN,USF,null,null,null,null,null,null,null,null,
Carex lonchocarpa,null,ESC,USF,null,null,null,null,null,null,null,null,
Carex leptalea,null,POL,FTG,null,null,null,null,null,null,null,null,
Carex leptalea,null,HIL,USF,null,null,null,null,null,null,null,null,
Carex leptalea,null,ORA,USF,null,,null,null,null,null,null,null,
Carex leptalea,null,HER,USF,null,null,null,null,null,null,null,null,
Carex leptalea,null,SEM,USF,null,null,null,null,null,null,null,null,
Carex leptalea,null,LAK,USF,null,null,null,null,null,null,null,null,
Carex leptalea,null,CIT,USF,null,null,null,null,null,null,null,null,
Carex leptalea,null,MAR,USF,null,null,null,null,null,null,null,null,
Carex leptalea,null,LEV,USF,null,null,null,null,null,null,null,null,
Carex leptalea,null,PUT,USF,null,null,null,null,null,null,null,null,
Carex leptalea,null,DIX,FLAS,null,null,null,null,null,null,null,null,
Carex leptalea,null,STJ,USF,null,null,null,null,null,null,null,null,
Carex leptalea,null,LAF,USF,null,null,null,null,null,null,null,null,
Carex leptalea,null,JEF,FLAS,null,null,null,null,null,null,null,null,
Carex leptalea,null,WAK,USF,null,null,null,null,null,null,null,null,
Carex leptalea,null,LEO,USF,null,null,null,null,null,null,null,null,
Carex leptalea,null,FRA,USF,null,null,null,null,null,null,null,null,
Carex leptalea,null,LIB,USF,null,null,null,null,null,null,null,null,
Carex leptalea,null,CAL,FSU,null,null,null,null,null,null,null,null,
Carex leptalea,null,BAY,FLAS,null,null,null,null,null,null,null,null,
Carex leptalea,null,WAS,FLAS,null,null,null,null,null,null,null,null,
Carex leptalea,null,HOL,USF,null,null,null,null,null,null,null,null,
Carex leptalea,null,OKA,USF,null,null,null,null,null,null,null,null,
Carex leptalea,null,ESC,FSU,null,null,null,null,null,null,null,null,
Carex laevivaginata,null,FRA,NY,null,null,null,null,null,null,null,null,
Carex laevivaginata,null,JAC,FLAS-Lit,null,null,null,null,null,null,null,"Lit-FLAS: L. C. Anderson, Sida  13: 94.  1988.",
Carex joorii,null,MAR,FTG,null,null,null,null,null,null,null,null,
Carex joorii,null,LEV,FTG,null,null,null,null,null,null,null,null,
Carex joorii,null,LAF,USF,null,null,null,null,null,null,null,null,
Carex joorii,null,LEO,FSU,null,null,null,null,null,null,null,null,
Carex joorii,null,GAD,FSU,null,null,null,null,null,null,null,null,
Carex joorii,null,FRA,FLAS,null,null,null,null,null,null,null,null,
Carex joorii,null,LIB,FSU,null,null,null,null,null,null,null,null,
Carex joorii,null,GUL,FSU,null,null,null,null,null,null,null,null,
Carex joorii,null,CAL,FSU,null,null,null,null,null,null,null,null,
Carex joorii,null,JAC,FLAS,null,null,null,null,null,null,null,null,
Carex joorii,null,WAL,FLAS,null,null,null,null,null,null,null,null,
Carex joorii,null,OKA,USF,null,null,null,null,null,null,null,null,
Carex joorii,null,SAN,FLAS,null,null,null,null,null,null,null,null,
Carex joorii,null,ESC,FLAS,null,null,null,null,null,null,null,null,
Carex intumescens,null,HER,USF,null,null,null,null,null,null,null,null,
Carex intumescens,null,MAR,USF,null,null,null,null,null,null,null,null,
Carex intumescens,null,ALA,USF,null,null,null,null,null,null,null,null,
Carex intumescens,null,STJ,FSU,null,null,null,null,null,null,null,null,
Carex intumescens,null,DUV,FLAS,null,null,null,null,null,null,null,null,
Carex intumescens,null,NAS,USF,null,null,null,null,null,null,null,null,
Carex intumescens,null,HAM,USF,null,null,null,null,null,null,null,null,
Carex intumescens,null,JEF,USF,null,null,null,null,null,null,null,null,
Carex intumescens,null,LEO,USF,null,null,null,null,null,null,null,null,
Carex intumescens,null,GAD,USF,null,null,null,null,null,null,null,null,
Carex intumescens,null,FRA,USF,null,null,null,null,null,null,null,null,
Carex intumescens,null,LIB,USF,null,null,null,null,null,null,null,null,
Carex intumescens,null,CAL,FSU,null,null,null,null,null,null,null,null,
Carex intumescens,null,JAC,FLAS,null,null,null,null,null,null,null,null,
Carex intumescens,null,HOL,USF,null,null,null,null,null,null,null,null,
Carex intumescens,null,OKA,USF,null,null,null,null,null,null,null,null,
Carex intumescens,null,SAN,USF,null,null,null,null,null,null,null,null,
Carex hyalinolepis,null,LEV,FLAS,null,null,null,null,null,null,null,null,
Carex hyalinolepis,null,TAY,FLAS,null,null,null,null,null,null,null,null,
Carex hyalinolepis,null,WAK,USF,null,null,null,null,null,null,null,null,
Carex hyalinolepis,null,FRA,FLAS,null,null,null,null,null,null,null,null,
Carex hyalinolepis,null,GUL,FSU,null,null,null,null,null,null,null,null,
Carex grayi,null,GAD,FSU,null,null,null,null,null,null,null,null,
Carex grayi,null,JAC,USF,null,null,null,null,null,null,null,null,
Carex gracilescens,null,LIB,USF,null,null,null,null,null,null,null,null,
Carex gracilescens,null,GAD,USF,null,null,null,null,null,null,null,null,
Carex gracilescens,null,BAY,FTG,null,null,null,null,null,null,null,null,
Carex glaucescens,null,LAK,USF,null,null,null,null,null,null,null,null,
Carex glaucescens,null,ALA,FLAS,null,null,null,null,null,null,null,null,
Carex glaucescens,null,STJ,FLAS,null,null,null,null,null,null,null,null,
Carex glaucescens,null,CLA,USF,null,null,null,null,null,null,null,null,
Carex glaucescens,null,DUV,USF,null,null,null,null,null,null,null,null,
Carex glaucescens,null,NAS,USF,null,null,null,null,null,null,null,null,
Carex glaucescens,null,BRA,FLAS,null,null,null,null,null,null,null,null,
Carex glaucescens,null,BAK,USF,null,null,null,null,null,null,null,null,
Carex glaucescens,null,CLU,USF,null,null,null,null,null,null,null,null,
Carex glaucescens,null,MAD,FSU,null,null,null,null,null,null,null,null,
Carex glaucescens,null,JEF,USF,null,null,null,null,null,null,null,null,
Carex glaucescens,null,WAK,USF,null,null,null,null,null,null,null,null,
Carex glaucescens,null,LEO,USF,null,null,null,null,null,null,null,null,
Carex glaucescens,null,GAD,FSU,null,null,null,null,null,null,null,null,
Carex glaucescens,null,FRA,FSU,null,null,null,null,null,null,null,null,
Carex glaucescens,null,LIB,USF,null,null,null,null,null,null,null,null,
Carex glaucescens,null,GUL,FSU,null,null,null,null,null,null,null,null,
Carex glaucescens,null,CAL,USF,null,null,null,null,null,null,null,null,
Carex glaucescens,null,JAC,FLAS,null,null,null,null,null,null,null,null,
Carex glaucescens,null,BAY,USF,null,null,null,null,null,null,null,null,
Carex glaucescens,null,WAS,FLAS,null,null,null,null,null,null,null,null,
Carex glaucescens,null,HOL,USF,null,null,null,null,null,null,null,null,
Carex glaucescens,null,WAL,USF,null,null,null,null,null,null,null,null,
Carex glaucescens,null,OKA,USF,null,null,null,null,null,null,null,null,
Carex glaucescens,null,SAN,USF,null,null,null,null,null,null,null,null,
Carex glaucescens,null,ESC,FSU,null,null,null,null,null,null,null,null,
Carex gigantea,null,DAD,USF,null,null,null,null,null,null,null,null,
Carex gigantea,null,CLL,USF,null,null,null,null,null,null,null,null,
Carex gigantea,null,OKE,USF,null,null,null,null,null,null,null,null,
Carex gigantea,null,OSC,FLAS,null,null,null,null,null,null,null,null,
Carex gigantea,null,POL,USF,null,null,null,null,null,null,null,null,
Carex gigantea,null,HIL,USF,null,null,null,null,null,null,null,null,
Carex gigantea,null,PAS,USF,null,null,null,null,null,null,null,null,
Carex gigantea,null,ORA,USF,null,null,null,null,null,null,null,null,
Carex gigantea,null,SUM,USF,null,null,null,null,null,null,null,null,
Carex gigantea,null,PUT,FSU,null,null,null,null,null,null,null,null,
Carex gigantea,null,DIX,USF,null,null,null,null,null,null,null,null,
Carex gigantea,null,DUV,USF,null,null,null,null,null,null,null,null,
Carex gigantea,null,BAK,FLAS,null,null,null,null,null,null,null,null,
Carex gigantea,null,TAY,USF,null,null,null,null,null,null,null,null,
Carex gigantea,null,MAD,FSU,null,null,null,null,null,null,null,null,
Carex gigantea,null,WAK,FSU,null,null,null,null,null,null,null,null,
Carex gigantea,null,LEO,FSU,null,null,null,null,null,null,null,null,
Carex gigantea,null,SAN,FSU,null,null,null,null,null,null,null,null,
Carex aureolensis,null,ALA,USF,null,null,null,null,null,null,null,null,
Carex aureolensis,null,MAD,USF,null,null,null,null,null,null,null,null,
Carex aureolensis,null,LEO,FSU,null,null,null,null,null,null,null,null,
Carex aureolensis,null,GAD,USF,null,null,null,null,null,null,null,null,
Carex aureolensis,null,FRA,FSU,null,null,null,null,null,null,null,null,
Carex aureolensis,null,LIB,FSU,null,null,null,null,null,null,null,null,
Carex aureolensis,null,JAC,FSU,null,null,null,null,null,null,null,null,
Carex aureolensis,null,WAS,FSU,null,null,null,null,null,null,null,null,
Carex aureolensis,null,ESC,USF,null,null,null,null,null,null,null,null,
Carex flaccosperma,null,GAD,FSU,null,null,null,null,null,null,null,null,
Carex flaccosperma,null,JAC,Lit,null,null,null,null,null,null,null,"Lit: Clewell, Guide Vasc. Pl. Florida Panhandle  82.  1985.",
Carex fissa var. aristata,null,OSC,USF,null,null,null,null,null,null,null,null,
Carex fissa var. aristata,null,ORA,FTG,null,null,null,null,null,null,null,null,
Carex fissa var. aristata,null,HER,USF,null,null,null,null,null,null,null,null,
Carex fissa var. aristata,null,SEM,USF,null,null,null,null,null,null,null,null,
Carex fissa var. aristata,null,LAK,USF,null,null,null,null,null,null,null,null,
Carex fissa var. aristata,null,SUM,USF,null,null,null,null,null,null,null,null,
Carex fissa var. aristata,null,MAR,USF,null,null,null,null,null,null,null,null,
Carex fissa var. aristata,null,LEV,USF,null,null,null,null,null,null,null,null,
Carex fissa var. aristata,null,FLA,USF,null,null,null,null,null,null,null,null,
Carex fissa var. aristata,null,PUT,USF,null,null,null,null,null,null,null,null,
Carex fissa var. aristata,null,ALA,USF,null,null,null,null,null,null,null,null,
Carex fissa var. aristata,null,GIL,USF,null,null,null,null,null,null,null,null,
Carex fissa var. aristata,null,DIX,FTG,null,null,null,null,null,null,null,null,
Carex fissa var. aristata,null,STJ,FSU,null,null,null,null,null,null,null,null,
Carex fissa var. aristata,null,CLA,USF,null,null,null,null,null,null,null,null,
Carex fissa var. aristata,null,NAS,USF,null,null,null,null,null,null,null,null,
Carex fissa var. aristata,null,BRA,USF,null,null,null,null,null,null,null,null,
Carex fissa var. aristata,null,CLU,USF,null,null,null,null,null,null,null,null,
Carex fissa var. aristata,null,TAY,USF,null,null,null,null,null,null,null,null,
Carex fissa var. aristata,null,JEF,USF,null,null,null,null,null,null,null,null,
Carex fissa var. aristata,null,WAK,USF,null,null,null,null,null,null,null,null,
Carex fissa var. aristata,null,LEO,FLAS,null,null,null,null,null,null,null,null,
Carex fissa var. aristata,null,GAD,USF,null,null,null,null,null,null,null,null,
Carex fissa var. aristata,null,FRA,USF,null,null,null,null,null,null,null,null,
Carex festucacea,null,GAD,FSU,null,null,null,null,null,null,null,null,
Carex festucacea,null,JAC,FLAS,null,null,null,null,null,null,null,null,
Carex elliottii,null,HIG,USF,null,null,null,null,null,null,null,null,
Carex elliottii,null,POL,USF,null,null,null,null,null,null,null,null,
Carex elliottii,null,ORA,USF,null,null,null,null,null,null,null,null,
Carex elliottii,null,SEM,USF,null,null,null,null,null,null,null,null,
Carex elliottii,null,LAK,USF,null,null,null,null,null,null,null,null,
Carex elliottii,null,MAR,USF,null,null,null,null,null,null,null,null,
Carex elliottii,null,ALA,FLAS,null,null,null,null,null,null,null,null,
Carex elliottii,null,CLA,USF,null,null,null,null,null,null,null,null,
Carex elliottii,null,DUV,USF,null,null,null,null,null,null,null,null,
Carex elliottii,null,NAS,USF,null,null,null,null,null,null,null,null,
Carex elliottii,null,CLU,USF,null,null,null,null,null,null,null,null,
Carex elliottii,null,WAK,USF,null,null,null,null,null,null,null,null,
Carex elliottii,null,LEO,FSU,null,null,null,null,null,null,null,null,
Carex elliottii,null,FRA,FSU,null,null,null,null,null,null,null,null,
Carex elliottii,null,LIB,USF,null,null,null,null,null,null,null,null,
Carex elliottii,null,BAY,FSU,null,null,null,null,null,null,null,null,
Carex elliottii,null,WAL,USF,null,null,null,null,null,null,null,null,
Carex elliottii,null,OKA,USF,null,null,null,null,null,null,null,null,
Carex elliottii,null,SAN,USF,null,null,null,null,null,null,null,null,
Carex elliottii,null,ESC,USF,null,null,null,null,null,null,null,null,
Carex digitalis,null,HER,USF,null,null,null,null,null,null,null,null,
Carex digitalis,null,MAR,USF,null,null,null,null,null,null,null,null,
Carex digitalis,null,LEV,USF,null,null,null,null,null,null,null,null,
Carex digitalis,null,ALA,USF,null,null,null,null,null,null,null,null,
Carex digitalis,null,CLA,USF,null,null,null,null,null,null,null,null,
Carex digitalis,null,NAS,USF,null,null,null,null,null,null,null,null,
Carex digitalis,null,SUW,USF,null,null,null,null,null,null,null,null,
Carex digitalis,null,HAM,USF,null,null,null,null,null,null,null,null,
Carex digitalis,null,MAD,USF,null,null,null,null,null,null,null,null,
Carex digitalis,null,JEF,USF,null,null,null,null,null,null,null,null,
Carex digitalis,null,WAK,USF,null,null,null,null,null,null,null,null,
Carex digitalis,null,LEO,USF,null,null,null,null,null,null,null,null,
Carex digitalis,null,GAD,USF,null,null,null,null,null,null,null,null,
Carex digitalis,null,FRA,FTG,null,null,null,null,null,null,null,null,
Carex digitalis,null,LIB,USF,null,null,null,null,null,null,null,null,
Carex digitalis,null,CAL,USF,null,null,null,null,null,null,null,null,
Carex digitalis,null,JAC,FSU,null,null,null,null,null,null,null,null,
Carex digitalis,null,BAY,FLAS,null,null,null,null,null,null,null,null,
Carex digitalis,null,HOL,FSU,null,null,null,null,null,null,null,null,
Carex digitalis,null,WAL,USF,null,null,null,null,null,null,null,null,
Carex digitalis,null,OKA,USF,null,null,null,null,null,null,null,null,
Carex digitalis,null,SAN,USF,null,null,null,null,null,null,null,null,
Carex digitalis,null,ESC,FLAS,null,null,null,null,null,null,null,null,
Carex decomposita,null,JEF,FSU,null,null,null,null,null,null,null,null,
Carex decomposita,null,WAK,FSU,null,null,null,null,null,null,null,null,
Carex decomposita,null,LEO,FSU,null,null,null,null,null,null,null,null,
Carex decomposita,null,GAD,FSU,null,null,null,null,null,null,null,null,
Carex decomposita,null,FRA,NY,null,null,null,null,null,null,null,null,
Carex decomposita,null,LIB,FSU,null,null,null,null,null,null,null,null,
Carex decomposita,null,JAC,FLAS,null,null,null,null,null,null,null,null,
Carex debilis,null,HER,USF,null,null,null,null,null,null,null,null,
Carex debilis,null,MAR,USF,null,null,null,null,null,null,null,null,
Carex debilis,null,LEV,USF,null,null,null,null,null,null,null,null,
Carex debilis,null,ALA,USF,null,null,null,null,null,null,null,null,
Carex debilis,null,CLA,USF,null,null,null,null,null,null,null,null,
Carex debilis,null,NAS,USF,null,null,null,null,null,null,null,null,
Carex debilis,null,HAM,FTG,null,null,null,null,null,null,null,null,
Carex debilis,null,JEF,USF,null,null,null,null,null,null,null,null,
Carex debilis,null,WAK,USF,null,null,null,null,null,null,null,null,
Carex debilis,null,LEO,USF,null,null,null,null,null,null,null,null,
Carex debilis,null,GAD,USF,null,null,null,null,null,null,null,null,
Carex debilis,null,FRA,FSU,null,null,null,null,null,null,null,null,
Carex debilis,null,LIB,FTG,null,null,null,null,null,null,null,null,
Carex debilis,null,GUL,FSU,null,null,null,null,null,null,null,null,
Carex debilis,null,CAL,USF,null,null,null,null,null,null,null,null,
Carex debilis,null,JAC,USF,null,null,null,null,null,null,null,null,
Carex debilis,null,WAS,FSU,null,null,null,null,null,null,null,null,
Carex debilis,null,HOL,USF,null,null,null,null,null,null,null,null,
Carex debilis,null,WAL,USF,null,null,null,null,null,null,null,null,
Carex debilis,null,OKA,FTG,null,null,null,null,null,null,null,null,
Carex debilis,null,SAN,USF,null,null,null,null,null,null,null,null,
Carex debilis,null,ESC,"USF
USF",null,null,null,null,null,null,null,null,
Carex dasycarpa,null,HER,USF,null,null,null,null,null,null,null,null,
Carex dasycarpa,null,LAK,USF,null,null,null,null,null,null,null,null,
Carex dasycarpa,null,SUM,USF,null,null,null,null,null,null,null,null,
Carex dasycarpa,null,CIT,USF,null,null,null,null,null,null,null,null,
Carex dasycarpa,null,VOL,USF,null,null,null,null,null,null,null,null,
Carex dasycarpa,null,MAR,USF,null,null,null,null,null,null,null,null,
Carex dasycarpa,null,LEV,USF,null,null,null,null,null,null,null,null,
Carex dasycarpa,null,FLA,USF,null,null,null,null,null,null,null,null,
Carex dasycarpa,null,PUT,USF,null,null,null,null,null,null,null,null,
Carex dasycarpa,null,ALA,USF,null,null,null,null,null,null,null,null,
Carex dasycarpa,null,DIX,FLAS,null,null,null,null,null,null,null,null,
Carex dasycarpa,null,STJ,FLAS,null,null,null,null,null,null,null,null,
Carex dasycarpa,null,DUV,USF,null,null,null,null,null,null,null,null,
Carex dasycarpa,null,CLU,USF,null,null,null,null,null,null,null,null,
Carex dasycarpa,null,SUW,USF,null,null,null,null,null,null,null,null,
Carex dasycarpa,null,JEF,USF,null,null,null,null,null,null,null,null,
Carex dasycarpa,null,WAK,USF,null,null,null,null,null,null,null,null,
Carex dasycarpa,null,LEO,FLAS,null,null,null,null,null,null,null,null,
Carex dasycarpa,null,GAD,USF,null,null,null,null,null,null,null,null,
Carex dasycarpa,null,LIB,USF,null,null,null,null,null,null,null,null,
Carex dasycarpa,null,JAC,USF,null,null,null,null,null,null,null,null,
Carex dasycarpa,null,WAS,FSU,null,null,null,null,null,null,null,null,
Carex dasycarpa,null,WAL,FLAS,null,null,null,null,null,null,null,null,
Carex dasycarpa,null,SAN,FLAS,null,null,null,null,null,null,null,null,
Carex dasycarpa,null,ESC,FLAS,null,null,null,null,null,null,null,null,
Carex crus-corvi,null,JEF,FSU,null,null,null,null,null,null,null,null,
Carex crus-corvi,null,GAD,FLAS,null,null,null,null,null,null,null,null,
Carex crus-corvi,null,FRA,FLAS,null,null,null,null,null,null,null,null,
Carex crus-corvi,null,LIB,FSU,null,null,null,null,null,null,null,null,
Carex crus-corvi,null,CAL,USF,null,null,null,null,null,null,null,null,
Carex crus-corvi,null,JAC,USF,null,null,null,null,null,null,null,null,
Carex crebriflora,null,MAR,FTG,null,null,null,null,null,null,null,null,
Carex crebriflora,null,LEO,USF,null,null,null,null,null,null,null,null,
Carex crebriflora,null,GAD,USF,null,null,null,null,null,null,null,null,
Carex crebriflora,null,FRA,FSU,null,null,null,null,null,null,null,null,
Carex crebriflora,null,LIB,USF,null,null,null,null,null,null,null,null,
Carex crebriflora,null,CAL,FLAS,null,null,null,null,null,null,null,null,
Carex crebriflora,null,JAC,FLAS,null,null,null,null,null,null,null,null,
Carex crebriflora,null,BAY,FLAS,null,null,null,null,null,null,null,null,
Carex crebriflora,null,HOL,FSU,null,null,null,null,null,null,null,null,
Carex crebriflora,null,WAL,USF,null,null,null,null,null,null,null,null,
Carex crebriflora,null,OKA,USF,null,null,null,null,null,null,null,null,
Carex crebriflora,null,SAN,FSU,null,null,null,null,null,null,null,null,
Carex crebriflora,null,ESC,UWFP,null,null,null,null,null,null,null,null,
Carex corrugata,null,LEO,Lit,null,null,null,null,null,null,null,"Lit: Naczi, Contr. Univ. Michigan Herb.  19: 204.  1993.",
Carex corrugata,null,GAD,USF,null,null,null,null,null,null,null,null,
Carex corrugata,null,FRA,USF,null,null,null,null,null,null,null,null,
Carex corrugata,null,OKA,USF,null,null,null,null,null,null,null,null,
Carex complanata,null,MAR,USF,null,null,null,null,null,null,null,null,
Carex complanata,null,JEF,USF,null,null,null,null,null,null,null,null,
Carex complanata,null,LEO,FLAS,null,null,null,null,null,null,null,null,
Carex complanata,null,GAD,USF,null,null,null,null,null,null,null,null,
Carex complanata,null,LIB,USF,null,null,null,null,null,null,null,null,
Carex complanata,null,CAL,USF,null,null,null,null,null,null,null,null,
Carex complanata,null,JAC,FSU,null,null,null,null,null,null,null,null,
Carex complanata,null,WAS,USF,null,null,null,null,null,null,null,null,
Carex complanata,null,WAL,USF,null,null,null,null,null,null,null,null,
Carex complanata,null,ESC,USF,null,null,null,null,null,null,null,null,
Carex comosa,null,OKE,FLAS,null,null,null,null,null,null,null,null,
Carex comosa,null,POL,USF,null,null,null,null,null,null,null,null,
Carex comosa,null,HIL,USF,null,null,null,null,null,null,null,null,
Carex comosa,null,PIN,USF,null,null,null,null,null,null,null,null,
Carex comosa,null,PAS,USF,null,null,null,null,null,null,null,null,
Carex comosa,null,ORA,FLAS,null,null,null,null,null,null,null,null,
Carex comosa,null,SEM,USF,null,null,null,null,null,null,null,null,
Carex comosa,null,LAK,USF,null,null,null,null,null,null,null,null,
Carex comosa,null,SUM,USF,null,null,null,null,null,null,null,null,
Carex comosa,null,CIT,USF,null,null,null,null,null,null,null,null,
Carex comosa,null,MAR,USF,null,null,null,null,null,null,null,null,
Carex comosa,null,LEV,FLAS,null,null,null,null,null,null,null,null,
Carex comosa,null,FLA,FLAS,null,null,null,null,null,null,null,null,
Carex comosa,null,ALA,USF,null,null,null,null,null,null,null,null,
Carex comosa,null,CLU,FLAS,null,null,null,null,null,null,null,null,
Carex comosa,null,TAY,FLAS,null,null,null,null,null,null,null,null,
Carex comosa,null,MAD,FSU,null,null,null,null,null,null,null,null,
Carex comosa,null,JEF,FLAS,null,null,null,null,null,null,null,null,
Carex comosa,null,WAK,FLAS,null,null,null,null,null,null,null,null,
Carex comosa,null,LEO,FSU,null,null,null,null,null,null,null,null,
Carex comosa,null,BAY,FSU,null,null,null,null,null,null,null,null,
Carex comosa,null,WAS,FSU,null,null,null,null,null,null,null,null,
Carex comosa,null,WAL,USF,null,null,null,null,null,null,null,null,
Carex cherokeensis,null,MAR,USF,null,null,null,null,null,null,null,null,
Carex cherokeensis,null,LEV,USF,null,null,null,null,null,null,null,null,
Carex cherokeensis,null,NAS,FLAS,null,null,null,null,null,null,null,null,
Carex cherokeensis,null,TAY,FLAS,null,null,null,null,null,null,null,null,
Carex cherokeensis,null,MAD,USF,null,null,null,null,null,null,null,null,
Carex cherokeensis,null,JEF,USF,null,null,null,null,null,null,null,null,
Carex cherokeensis,null,WAK,USF,null,null,null,null,null,null,null,null,
Carex cherokeensis,null,LEO,FLAS,null,null,null,null,null,null,null,null,
Carex cherokeensis,null,GAD,USF,null,null,null,null,null,null,null,null,
Carex cherokeensis,null,FRA,FSU,null,null,null,null,null,null,null,null,
Carex cherokeensis,null,JAC,USF,null,null,null,null,null,null,null,null,
Carex chapmannii,null,OSC,USF,null,null,null,null,null,null,null,null,
Carex chapmannii,null,POL,FTG,null,null,null,null,null,null,null,null,
Carex chapmannii,null,HIL,USF,null,null,null,null,null,null,null,null,
Carex chapmannii,null,PAS,USF,null,null,null,null,null,null,null,null,
Carex chapmannii,null,ORA,USF,null,null,null,null,null,null,null,null,
Carex chapmannii,null,HER,USF,null,null,null,null,null,null,null,null,
Carex chapmannii,null,SEM,USF,null,null,null,null,null,null,null,null,
Carex chapmannii,null,LAK,USF,null,null,null,null,null,null,null,null,
Carex chapmannii,null,SUM,USF,null,null,null,null,null,null,null,null,
Carex chapmannii,null,CIT,USF,null,null,null,null,null,null,null,null,
Carex chapmannii,null,VOL,USF,null,null,null,null,null,null,null,null,
Carex chapmannii,null,MAR,USF,null,null,null,null,null,null,null,null,
Carex chapmannii,null,LEV,USF,null,null,null,null,null,null,null,null,
Carex chapmannii,null,PUT,USF,null,null,null,null,null,null,null,null,
Carex chapmannii,null,ALA,USF,null,null,null,null,null,null,null,null,
Carex chapmannii,null,DIX,USF,null,null,null,null,null,null,null,null,
Carex chapmannii,null,STJ,USF,null,null,null,null,null,null,null,null,
Carex chapmannii,null,CLA,USF,null,null,null,null,null,null,null,null,
Carex chapmannii,null,DUV,USF,null,null,null,null,null,null,null,null,
Carex chapmannii,null,CLU,USF,null,null,null,null,null,null,null,null,
Carex chapmannii,null,TAY,USF,null,null,null,null,null,null,null,null,
Carex chapmannii,null,JEF,USF,null,null,null,null,null,null,null,null,
Carex chapmannii,null,WAK,FLAS,null,null,null,null,null,null,null,null,
Carex cephalophora,null,JEF,FSU,null,null,null,null,null,null,null,null,
Carex cephalophora,null,LEO,FSU,null,null,null,null,null,null,null,null,
Carex cephalophora,null,GAD,FSU,null,null,null,null,null,null,null,null,
Carex cephalophora,null,JAC,FLAS,null,null,null,null,null,null,null,null,
Carex cephalophora,null,SAN,FLAS,null,null,null,null,null,null,null,null,
Carex caroliniana,null,LEO,FLAS,null,null,null,null,null,null,null,null,
Carex caroliniana,null,GAD,FSU,null,null,null,null,null,null,null,null,
Carex caroliniana,null,FRA,USF,null,null,null,null,null,null,null,null,
Carex caroliniana,null,JAC,FSU,null,null,null,null,null,null,null,null,
Carex bromoides,null,HAR,USF,null,null,null,null,null,null,null,null,
Carex bromoides,null,OSC,USF,null,null,null,null,null,null,null,null,
Carex bromoides,null,POL,USF,null,null,null,null,null,null,null,null,
Carex bromoides,null,HIL,USF,null,null,null,null,null,null,null,null,
Carex bromoides,null,ORA,USF,null,null,null,null,null,null,null,null,
Carex bromoides,null,SEM,USF,null,null,null,null,null,null,null,null,
Carex bromoides,null,LAK,USF,null,null,null,null,null,null,null,null,
Carex bromoides,null,MAR,USF,null,null,null,null,null,null,null,null,
Carex bromoides,null,LEV,USF,null,null,null,null,null,null,null,null,
Carex bromoides,null,ALA,USF,null,null,null,null,null,null,null,null,
Carex bromoides,null,STJ,USF,null,null,null,null,null,null,null,null,
Carex bromoides,null,CLA,USF,null,null,null,null,null,null,null,null,
Carex bromoides,null,CLU,USF,null,null,null,null,null,null,null,null,
Carex bromoides,null,LEO,USF,null,null,null,null,null,null,null,null,
Carex bromoides,null,GAD,FSU,null,null,null,null,null,null,null,null,
Carex bromoides,null,LIB,USF,null,null,null,null,null,null,null,null,
Carex blanda,null,HER,USF,null,null,null,null,null,null,null,null,
Carex blanda,null,MAR,USF,null,null,null,null,null,null,null,null,
Carex blanda,null,LEV,FLAS,null,null,null,null,null,null,null,null,
Carex blanda,null,NAS,NY,null,null,null,null,null,null,null,null,
Carex blanda,null,WAK,NY,null,null,null,null,null,null,null,null,
Carex blanda,null,GAD,USF,null,null,null,null,null,null,null,null,
Carex blanda,null,LIB,FLAS,null,null,null,null,null,null,null,null,
Carex blanda,null,CAL,FLAS,null,null,null,null,null,null,null,null,
Carex blanda,null,JAC,FLAS,null,null,null,null,null,null,null,null,
Carex blanda,null,WAS,FSU,null,null,null,null,null,null,null,null,
Carex basiantha,null,HER,USF,null,null,null,null,null,null,null,null,
Carex basiantha,null,MAR,USF,null,null,null,null,null,null,null,null,
Carex basiantha,null,LEV,USF,null,null,null,null,null,null,null,null,
Carex basiantha,null,ALA,USF,null,null,null,null,null,null,null,null,
Carex basiantha,null,NAS,FTG,null,null,null,null,null,null,null,null,
Carex basiantha,null,SUW,FTG,null,null,null,null,null,null,null,null,
Carex basiantha,null,HAM,FTG,null,null,null,null,null,null,null,null,
Carex basiantha,null,MAD,FTG,null,null,null,null,null,null,null,null,
Carex basiantha,null,JEF,FSU,null,null,null,null,null,null,null,null,
Carex basiantha,null,WAK,USF,null,null,null,null,null,null,null,null,
Carex basiantha,null,LEO,USF,null,null,null,null,null,null,null,null,
Carex basiantha,null,GAD,USF,null,null,null,null,null,null,null,null,
Carex basiantha,null,LIB,USF,null,null,null,null,null,null,null,null,
Carex basiantha,null,JAC,USF,null,null,null,null,null,null,null,null,
Carex basiantha,null,BAY,FLAS,null,null,null,null,null,null,null,null,
Carex basiantha,null,WAL,USF,null,null,null,null,null,null,null,null,
Carex baltzellii,null,GAD,FSU,null,null,null,null,null,null,null,null,
Carex baltzellii,null,LIB,USF,null,null,null,null,null,null,null,null,
Carex baltzellii,null,CAL,USF,null,null,null,null,null,null,null,null,
Carex baltzellii,null,BAY,USF,null,null,null,null,null,null,null,null,
Carex baltzellii,null,WAS,FSU,null,null,null,null,null,null,null,null,
Carex baltzellii,null,OKA,FLAS,null,null,null,null,null,null,null,null,
Carex baltzellii,null,SAN,FLAS,null,null,null,null,null,null,null,null,
Carex baltzellii,null,ESC,FLAS,null,null,null,null,null,null,null,null,
Carex atlantica subsp. capillacea,null,HIG,USF,null,null,null,null,null,null,null,null,
Carex atlantica subsp. capillacea,null,HAR,USF,null,null,null,null,null,null,null,null,
Carex atlantica subsp. capillacea,null,POL,USF,null,null,null,null,null,null,null,null,
Carex atlantica subsp. capillacea,null,HIL,USF,null,null,null,null,null,null,null,null,
Carex atlantica subsp. capillacea,null,PAS,FLAS,null,null,null,null,null,null,null,null,
Carex atlantica subsp. capillacea,null,ORA,USF,null,null,null,null,null,null,null,null,
Carex atlantica subsp. capillacea,null,HER,USF,null,null,null,null,null,null,null,null,
Carex atlantica subsp. capillacea,null,SEM,USF,null,null,null,null,null,null,null,null,
Carex atlantica subsp. capillacea,null,MAR,USF,null,null,null,null,null,null,null,null,
Carex atlantica subsp. capillacea,null,ALA,FLAS,null,null,null,null,null,null,null,null,
Carex atlantica subsp. capillacea,null,NAS,USF,null,null,null,null,null,null,null,null,
Carex atlantica subsp. capillacea,null,UNI,FSU,null,null,null,null,null,null,null,null,
Carex atlantica subsp. capillacea,null,JEF,USF,null,null,null,null,null,null,null,null,
Carex atlantica subsp. capillacea,null,LEO,USF,null,null,null,null,null,null,null,null,
Carex atlantica subsp. capillacea,null,GAD,USF,null,null,null,null,null,null,null,null,
Carex atlantica subsp. capillacea,null,FRA,FSU,null,null,null,null,null,null,null,null,
Carex atlantica subsp. capillacea,null,LIB,FLAS,null,null,null,null,null,null,null,null,
Carex atlantica subsp. capillacea,null,GUL,FSU,null,null,null,null,null,null,null,null,
Carex atlantica subsp. capillacea,null,JAC,FSU,null,null,null,null,null,null,null,null,
Carex atlantica subsp. capillacea,null,BAY,USF,null,null,null,null,null,null,null,null,
Carex atlantica subsp. capillacea,null,WAL,FSU,null,null,null,null,null,null,null,null,
Carex atlantica subsp. capillacea,null,SAN,USF,null,null,null,null,null,null,null,null,
Carex atlantica subsp. capillacea,null,ESC,FSU,null,null,null,null,null,null,null,null,
Carex atlantica subsp. atlantica,null,CLA,USF,null,null,null,null,null,null,null,null,
Carex atlantica subsp. atlantica,null,BAK,FLAS,null,null,null,null,null,null,null,null,
Carex atlantica subsp. atlantica,null,WAK,FSU,null,null,null,null,null,null,null,null,
Carex atlantica subsp. atlantica,null,GAD,FLAS,null,null,null,null,null,null,null,null,
Carex atlantica subsp. atlantica,null,FRA,USF,null,null,null,null,null,null,null,null,
Carex atlantica subsp. atlantica,null,LIB,FLAS,null,null,null,null,null,null,null,null,
Carex atlantica subsp. atlantica,null,WAL,USF,null,null,null,null,null,null,null,null,
Carex atlantica subsp. atlantica,null,OKA,USF,null,null,null,null,null,null,null,null,
Carex atlantica subsp. atlantica,null,SAN,USF,null,null,null,null,null,null,null,null,
Carex atlantica subsp. atlantica,null,ESC,USF,null,null,null,null,null,null,null,null,
Carex albicans var. australis,null,NAS,USF,null,null,null,null,null,null,null,null,
Carex albicans var. australis,null,JEF,USF,null,null,null,null,null,null,null,null,
Carex albicans var. australis,null,LEO,FLAS,null,null,null,null,null,null,null,null,
Carex albicans var. australis,null,GAD,USF,null,null,null,null,null,null,null,null,
Carex albicans var. australis,null,LIB,USF,null,null,null,null,null,null,null,null,
Carex albicans var. australis,null,JAC,USF,null,null,null,null,null,null,null,null,
Carex alata,null,OSC,FTG,null,null,null,null,null,null,null,null,
Carex alata,null,POL,FTG,null,null,null,null,null,null,null,null,
Carex alata,null,ORA,USF,null,null,null,null,null,null,null,null,
Carex alata,null,LAK,USF,null,null,null,null,null,null,null,null,
Carex alata,null,SUM,USF,null,null,null,null,null,null,null,null,
Carex alata,null,VOL,USF,null,null,null,null,null,null,null,null,
Carex alata,null,MAR,FTG,null,null,null,null,null,null,null,null,
Carex alata,null,FLA,FLAS,null,null,null,null,null,null,null,null,
Carex alata,null,PUT,USF,null,null,null,null,null,null,null,null,
Carex alata,null,DIX,FLAS,null,null,null,null,null,null,null,null,
Carex alata,null,STJ,USF,null,null,null,null,null,null,null,null,
Carex alata,null,CLU,USF,null,null,null,null,null,null,null,null,
Carex alata,null,HAM,USF,null,null,null,null,null,null,null,null,
Carex alata,null,LEO,FLAS,null,null,null,null,null,null,null,null,
Carex abscondita,null,LEO,USF,null,null,null,null,null,null,null,null,
Carex abscondita,null,GAD,FLAS,null,null,null,null,null,null,null,null,
Carex abscondita,null,LIB,USF,null,null,null,null,null,null,null,null,
Carex abscondita,null,CAL,FLAS,null,null,null,null,null,null,null,null,
Carex abscondita,null,JAC,USF,null,null,null,null,null,null,null,null,
Carex abscondita,null,BAY,FTG,null,null,null,null,null,null,null,null,
Carex abscondita,null,WAL,USF,null,null,null,null,null,null,null,null,
Carex abscondita,null,SAN,USF,null,null,null,null,null,null,null,null,